Event ID,Attack Type,Start Time,End Time,Duration (Samples),Avg RSSI
2,Rogue SSID,304,304,1,-84.0
4,Evil Twin,2720,2720,1,-70.0
6,Evil Twin,2874,2874,1,-69.0
8,Evil Twin,3076,3076,1,-63.0
10,Rogue SSID,4076,4076,1,-61.0
12,Evil Twin,4769,4769,1,-63.0
14,Evil Twin,4800,4800,1,-63.0
16,Rogue SSID,8855,8855,1,-49.0
18,Evil Twin,9535,9535,1,-54.0
20,Rogue SSID,9608,9608,1,-63.0
22,Rogue SSID,10270,10270,1,-79.0
24,Rogue SSID,285,285,1,-85.0
26,Evil Twin,1870,1870,1,-54.0
28,Evil Twin,2991,2991,1,-54.0
30,Evil Twin,3071,3071,1,-54.0
32,Rogue SSID,4302,4302,1,-74.0
34,Evil Twin,4342,4342,1,-64.0
36,Rogue SSID,4454,4454,1,-86.0
38,Rogue SSID,4666,4666,1,-35.0
40,Evil Twin,5278,5278,1,-61.0
42,Evil Twin,249,249,1,-67.0
44,Evil Twin,2176,2176,1,-72.0
46,Evil Twin,3341,3341,1,-70.0
48,Evil Twin,3677,3677,1,-70.0
50,Rogue SSID,3835,3835,1,-65.0
52,Evil Twin,4132,4132,1,-65.0
54,Evil Twin,4433,4433,1,-63.0
56,Evil Twin,4610,4610,1,-74.0
58,Evil Twin,4672,4672,1,-81.0
60,Rogue SSID,4774,4774,1,-77.0
62,Rogue SSID,4870,4870,1,-72.0
64,Rogue SSID,5471,5471,1,-75.0
66,Evil Twin,7165,7165,1,-83.0
68,Evil Twin,8777,8777,1,-76.0
70,Evil Twin,9385,9385,1,-72.0
72,Evil Twin,10680,10680,1,-75.0
74,Evil Twin,1784,1784,1,-75.0
76,Evil Twin,3258,3258,1,-46.0
78,Rogue SSID,3758,3758,1,-52.0
80,Evil Twin,3879,3879,1,-55.0
82,Rogue SSID,3891,3891,1,-64.0
84,Rogue SSID,4273,4273,1,-63.0
86,Rogue SSID,4344,4344,1,-47.0
88,Evil Twin,4530,4530,1,-51.0
90,Evil Twin,4851,4851,1,-55.0
92,Rogue SSID,5027,5027,1,-66.0
94,Evil Twin,4020,4020,1,-78.0
96,Rogue SSID,4920,4920,1,-76.0
98,Rogue SSID,1816,1816,1,-72.0
100,Evil Twin,3867,3867,1,-90.0
102,Evil Twin,225,225,1,-86.0
104,Rogue SSID,303,303,1,-81.0
106,Distributional Outlier,2153,2588,5,-84.6
108,Evil Twin,290,290,1,-55.0
110,Evil Twin,3744,3744,1,-56.0
112,Rogue SSID,651,651,1,-42.0
114,Rogue SSID,7907,7907,1,-49.0
116,Rogue SSID,9146,9146,1,-46.0
118,Rogue SSID,9452,9452,1,-52.0
120,Evil Twin,9996,9996,1,-38.0
122,Evil Twin,11223,11223,1,-46.0
124,Evil Twin,198,198,1,-66.0
126,Evil Twin,1749,1749,1,-70.0
128,Rogue SSID,2653,2653,1,-77.0
130,Evil Twin,2922,2922,1,-70.0
132,Evil Twin,192,192,1,-73.0
134,Distributional Outlier,1919,2543,33,-94.0
136,Rogue SSID,2859,2859,1,-72.0
138,Evil Twin,3033,3033,1,-73.0
140,Rogue SSID,4298,4298,1,-71.0
142,Rogue SSID,4578,4578,1,-87.0
143,Evil Twin,4579,4579,1,-87.0
145,Evil Twin,4699,4699,1,-69.0
147,Rogue SSID,4916,4916,1,-92.0
149,Evil Twin,4936,4936,1,-83.0
151,Evil Twin,7207,7207,1,-65.0
153,Rogue SSID,9199,9199,1,-71.0
155,Rogue SSID,9866,9866,1,-76.0
157,Evil Twin,10451,10451,1,-75.0
159,Evil Twin,10611,10611,1,-78.0
161,Evil Twin,10673,10673,1,-75.0
163,Rogue SSID,10735,10735,1,-68.0
165,Rogue SSID,10927,10927,1,-87.0
167,Evil Twin,11216,11216,1,-74.0
169,Evil Twin,271,271,1,-43.0
171,Evil Twin,308,308,1,-66.0
173,Evil Twin,741,741,1,-69.0
175,Evil Twin,4656,4656,1,-74.0
177,Rogue SSID,4853,4853,1,-57.0
179,Evil Twin,5179,5179,1,-69.0
181,Evil Twin,6051,6051,1,-37.0
183,Evil Twin,176,176,1,-59.0
185,Evil Twin,721,721,1,-59.0
187,Evil Twin,785,785,1,-71.0
189,Evil Twin,1244,1244,1,-72.0
191,Evil Twin,1935,1935,1,-73.0
193,Rogue SSID,2014,2014,1,-49.0
195,Rogue SSID,2302,2302,1,-64.0
197,Evil Twin,2658,2658,1,-80.0
199,Evil Twin,7163,7163,1,-85.0
201,Evil Twin,8896,8896,1,-43.0
203,Evil Twin,8931,8931,1,-42.0
205,Evil Twin,9080,9080,1,-46.0
207,Evil Twin,9296,9296,1,-49.0
209,Evil Twin,9459,9459,1,-46.0
211,Evil Twin,9620,9620,1,-49.0
213,Evil Twin,9964,9964,1,-57.0
215,Rogue SSID,10100,10100,1,-49.0
217,Evil Twin,10842,10842,1,-65.0
219,Evil Twin,10913,10913,1,-46.0
221,Evil Twin,11245,11245,1,-43.0
223,Rogue SSID,2993,2993,1,-63.0
225,Evil Twin,3844,3844,1,-43.0
227,Evil Twin,3860,3860,1,-73.0
229,Evil Twin,4327,4327,1,-52.0
231,Evil Twin,4575,4575,1,-61.0
233,Evil Twin,5772,5772,1,-79.0
235,Evil Twin,346,346,1,-74.0
237,Rogue SSID,1907,1907,1,-80.0
239,Rogue SSID,4432,4432,1,-91.0
241,Evil Twin,1851,1851,1,-72.0
243,Evil Twin,2055,2055,1,-72.0
245,Rogue SSID,4084,4084,1,-90.0
247,Evil Twin,4685,4685,1,-87.0
249,Rogue SSID,6532,6532,1,-84.0
251,Evil Twin,6905,6905,1,-68.0
253,Rogue SSID,6915,6915,1,-82.0
255,Evil Twin,7839,7839,1,-69.0
256,Rogue SSID,7852,7852,1,-84.0
258,Evil Twin,8976,8976,1,-81.0
260,Evil Twin,9950,9950,1,-77.0
262,Evil Twin,10838,10838,1,-81.0
264,Rogue SSID,10850,10850,1,-77.0
266,Evil Twin,10860,10860,1,-81.0
268,Evil Twin,4001,4001,1,-93.0
270,Evil Twin,9346,9346,1,-82.0
272,Rogue SSID,10056,10056,1,-70.0
274,Rogue SSID,97,97,1,-55.0
276,Rogue SSID,306,306,1,-43.0
278,Evil Twin,341,341,1,-65.0
280,Evil Twin,505,505,1,-66.0
282,Rogue SSID,1108,1108,1,-54.0
284,Evil Twin,1195,1195,1,-52.0
286,Rogue SSID,2054,2054,1,-46.0
288,Evil Twin,2349,2349,1,-51.0
290,Evil Twin,2529,2529,1,-43.0
292,Evil Twin,4720,4720,1,-51.0
294,Rogue SSID,5145,5145,1,-77.0
296,Evil Twin,5355,5355,1,-76.0
298,Evil Twin,9331,9331,1,-75.0
300,Evil Twin,9497,9497,1,-80.0
302,Rogue SSID,10711,10711,1,-78.0
304,Evil Twin,482,482,1,-78.0
306,Evil Twin,3928,3928,1,-86.0
308,Evil Twin,4040,4040,1,-90.0
310,Evil Twin,5103,5103,1,-89.0
312,Evil Twin,5496,5496,1,-59.0
314,Evil Twin,5843,5843,1,-63.0
316,Evil Twin,8451,8451,1,-60.0
318,Evil Twin,8776,8776,1,-28.0
320,Rogue SSID,9446,9446,1,-43.0
322,Rogue SSID,9979,9979,1,-52.0
324,Rogue SSID,10138,10138,1,-54.0
326,Evil Twin,10350,10350,1,-59.0
328,Evil Twin,10456,10456,1,-57.0
330,Rogue SSID,10850,10850,1,-49.0
332,Evil Twin,10875,10875,1,-58.0
334,Evil Twin,3855,3855,1,-70.0
336,Evil Twin,4254,4254,1,-79.0
338,Evil Twin,4706,4706,1,-85.0
340,Rogue SSID,700,700,1,-88.0
342,Rogue SSID,9071,9071,1,-82.0
344,Rogue SSID,9919,9919,1,-86.0
346,Evil Twin,491,491,1,-67.0
348,Evil Twin,3208,3208,1,-70.0
350,Evil Twin,3543,3543,1,-65.0
352,Evil Twin,3783,3783,1,-65.0
354,Rogue SSID,4358,4358,1,-92.0
356,Rogue SSID,5414,5414,1,-61.0
358,Evil Twin,6601,6601,1,-89.0
360,Rogue SSID,6707,6707,1,-84.0
362,Evil Twin,8831,8831,1,-84.0
364,Evil Twin,9367,9367,1,-83.0
366,Evil Twin,9873,9873,1,-66.0
368,Evil Twin,10858,10858,1,-73.0
370,Evil Twin,11014,11014,1,-69.0
372,Rogue SSID,11127,11127,1,-77.0
374,Rogue SSID,7749,7749,1,-55.0
376,Rogue SSID,8607,8607,1,-55.0
378,Rogue SSID,8873,8873,1,-64.0
380,Evil Twin,9188,9188,1,-57.0
382,Evil Twin,9662,9680,2,-50.5
384,Evil Twin,10037,10037,1,-44.0
386,Evil Twin,10284,10284,1,-42.0
388,Rogue SSID,10944,10944,1,-37.0
390,Distributional Outlier,110,222,2,-100.0
392,Evil Twin,10340,10340,1,-86.0
394,Rogue SSID,64,64,1,-78.0
396,Evil Twin,247,247,1,-68.0
398,Evil Twin,1300,1300,1,-68.0
400,Evil Twin,1360,1360,1,-86.0
402,Rogue SSID,743,743,1,-70.0
404,Evil Twin,821,821,1,-71.0
406,Rogue SSID,6424,6424,1,-72.0
408,Evil Twin,6572,6572,1,-77.0
410,Rogue SSID,7671,7671,1,-75.0
412,Evil Twin,7981,7981,1,-73.0
414,Evil Twin,8916,8919,2,-66.0
416,Evil Twin,9662,9662,1,-79.0
418,Rogue SSID,9903,9903,1,-61.0
420,Evil Twin,10079,10079,1,-66.0
422,Evil Twin,10248,10248,1,-68.0
424,Evil Twin,10489,10489,1,-64.0
426,Evil Twin,10684,10684,1,-62.0
428,Evil Twin,10788,10788,1,-62.0
430,Evil Twin,10867,10867,1,-69.0
432,Rogue SSID,11343,11343,1,-69.0
434,Evil Twin,9011,9011,1,-87.0
436,Evil Twin,189,189,1,-78.0
438,Rogue SSID,2392,2392,1,-80.0
440,Rogue SSID,3072,3072,1,-84.0
442,Rogue SSID,1688,1688,1,-73.0
444,Rogue SSID,612,612,1,-75.0
446,Evil Twin,708,708,1,-67.0
448,Evil Twin,850,850,1,-68.0
450,Evil Twin,2415,2415,1,-73.0
452,Evil Twin,5787,5787,1,-80.0
454,Evil Twin,6803,6803,1,-74.0
456,Rogue SSID,8362,8362,1,-79.0
458,Evil Twin,8760,8760,1,-56.0
460,Evil Twin,8865,8865,1,-72.0
462,Rogue SSID,9611,9611,1,-71.0
464,Evil Twin,10297,10297,1,-72.0
466,Evil Twin,10353,10353,1,-69.0
468,Evil Twin,10583,10583,1,-77.0
470,Evil Twin,10708,10708,1,-65.0
472,Evil Twin,11,11,1,-54.0
474,Evil Twin,155,155,1,-75.0
476,Evil Twin,411,411,1,-51.0
478,Evil Twin,893,893,1,-60.0
480,Evil Twin,987,987,1,-68.0
482,Rogue SSID,1015,1015,1,-56.0
484,Evil Twin,1212,1212,1,-70.0
486,Evil Twin,1409,1409,1,-58.0
488,Evil Twin,2759,2759,1,-68.0
490,Evil Twin,299,299,1,-70.0
492,Evil Twin,4239,4239,1,-73.0
494,Evil Twin,4932,4932,1,-76.0
496,Evil Twin,9407,9407,1,-65.0
498,Rogue SSID,6350,6350,1,-78.0
500,Rogue SSID,2688,2688,1,-83.0
502,Evil Twin,3897,3897,1,-90.0
504,Evil Twin,9023,9023,1,-61.0
506,Evil Twin,9252,9252,1,-43.0
508,Rogue SSID,10178,10178,1,-34.0
510,Rogue SSID,10883,10883,1,-42.0
512,Evil Twin,10935,10935,1,-42.0
514,Rogue SSID,11172,11172,1,-43.0
516,Rogue SSID,2232,2232,1,-74.0
518,Rogue SSID,7384,7384,1,-76.0
520,Evil Twin,8337,8337,1,-81.0
522,Evil Twin,51,51,1,-71.0
524,Rogue SSID,93,93,1,-48.0
526,Evil Twin,563,563,1,-75.0
528,Rogue SSID,988,988,1,-53.0
530,Evil Twin,1137,1137,1,-73.0
532,Evil Twin,1194,1194,1,-80.0
534,Evil Twin,1455,1455,1,-43.0
536,Evil Twin,1512,1512,1,-71.0
538,Rogue SSID,2299,2299,1,-48.0
540,Rogue SSID,2987,2987,1,-61.0
542,Evil Twin,4872,4872,1,-92.0
544,Evil Twin,365,404,2,-94.0
546,Evil Twin,1938,1938,1,-86.0
548,Evil Twin,6605,6605,1,-88.0
550,Evil Twin,7374,7374,1,-86.0
552,Evil Twin,5247,5247,1,-81.0
554,Evil Twin,1891,1891,1,-87.0
556,Evil Twin,8982,8982,1,-84.0
558,Evil Twin,633,633,1,-76.0
560,Evil Twin,758,758,1,-84.0
562,Evil Twin,6307,6307,1,-57.0
564,Evil Twin,6618,6618,1,-60.0
566,Evil Twin,7141,7141,1,-76.0
568,Evil Twin,7317,7317,1,-46.0
570,Evil Twin,10251,10251,1,-83.0
572,Evil Twin,730,730,1,-81.0
574,Rogue SSID,6697,6697,1,-62.0
576,Evil Twin,6777,6777,1,-70.0
578,Evil Twin,8181,8181,1,-70.0
580,Rogue SSID,8745,8745,1,-73.0
582,Evil Twin,10428,10428,1,-85.0
584,Evil Twin,10527,10527,1,-77.0
586,Evil Twin,210,210,1,-77.0
588,Evil Twin,789,789,1,-82.0
590,Evil Twin,1199,1199,1,-82.0
592,Rogue SSID,1477,1477,1,-75.0
594,Evil Twin,7512,7512,1,-55.0
596,Evil Twin,10190,10190,1,-63.0
598,Rogue SSID,10515,10515,1,-69.0
600,Evil Twin,10835,10835,1,-68.0
602,Evil Twin,11023,11023,1,-62.0
604,Rogue SSID,11189,11189,1,-78.0
606,Rogue SSID,573,573,1,-58.0
608,Evil Twin,6670,6670,1,-56.0
610,Evil Twin,6931,6931,1,-49.0
612,Rogue SSID,7094,7094,1,-57.0
614,Evil Twin,7769,7769,1,-54.0
616,Evil Twin,8083,8083,1,-49.0
618,Rogue SSID,8320,8320,1,-50.0
620,Rogue SSID,8419,8419,1,-50.0
622,Evil Twin,9822,9822,1,-76.0
624,Evil Twin,6496,6496,1,-64.0
626,Evil Twin,6726,6726,1,-55.0
628,Distributional Outlier,7404,8031,59,-78.1
630,Evil Twin,10593,10593,1,-78.0
632,Evil Twin,10950,10950,1,-73.0
634,Evil Twin,10957,10957,1,-78.0
636,Evil Twin,6366,6366,1,-73.0
638,Evil Twin,285,285,1,-60.0
640,Evil Twin,3534,3534,1,-42.0
642,Evil Twin,3681,3681,1,-47.0
644,Rogue SSID,4128,4128,1,-57.0
646,Rogue SSID,4677,4677,1,-68.0
648,Rogue SSID,5122,5122,1,-62.0
650,Rogue SSID,5740,5740,1,-53.0
652,Evil Twin,6129,6129,1,-57.0
654,Evil Twin,754,754,1,-63.0
656,Rogue SSID,9063,9063,1,-64.0
658,Evil Twin,9738,9738,1,-65.0
660,Rogue SSID,10154,10154,1,-76.0
662,Rogue SSID,10886,10886,1,-75.0
664,Evil Twin,396,396,1,-77.0
666,Rogue SSID,587,587,1,-61.0
668,Evil Twin,968,968,1,-88.0
670,Evil Twin,1202,1202,1,-78.0
672,Rogue SSID,7285,7285,1,-88.0
674,Evil Twin,334,334,1,-71.0
676,Evil Twin,4005,4005,1,-59.0
678,Evil Twin,4488,4488,1,-70.0
680,Rogue SSID,5174,5174,1,-67.0
682,Evil Twin,5382,5382,1,-42.0
684,Rogue SSID,5918,5940,2,-63.0
686,Evil Twin,369,369,1,-68.0
688,Evil Twin,4026,4026,1,-90.0
690,Rogue SSID,4282,4282,1,-85.0
692,Evil Twin,4400,4400,1,-75.0
694,Evil Twin,4545,4545,1,-76.0
696,Evil Twin,4606,4606,1,-62.0
698,Evil Twin,4807,4807,1,-59.0
700,Evil Twin,5035,5035,1,-88.0
702,Rogue SSID,5663,5663,1,-83.0
704,Evil Twin,3879,3879,1,-77.0
706,Rogue SSID,4486,4486,1,-62.0
708,Evil Twin,4623,4623,1,-83.0
710,Evil Twin,4645,4645,1,-64.0
712,Rogue SSID,6354,6354,1,-81.0
714,Rogue SSID,3847,3847,1,-87.0
716,Evil Twin,4247,4247,1,-85.0
718,Rogue SSID,4445,4445,1,-88.0
720,Rogue SSID,4576,4576,1,-90.0
722,Evil Twin,9425,9425,1,-84.0
724,Evil Twin,10538,10538,1,-83.0
726,Evil Twin,10709,10709,1,-87.0
728,Evil Twin,3879,3879,1,-64.0
730,Rogue SSID,3915,3915,1,-67.0
732,Evil Twin,4652,4652,1,-73.0
734,Evil Twin,4867,4867,1,-78.0
736,Rogue SSID,9161,9161,1,-70.0
738,Evil Twin,1848,1848,1,-72.0
740,Evil Twin,2206,2206,1,-74.0
742,Evil Twin,2331,2331,1,-75.0
744,Rogue SSID,2884,2884,1,-75.0
746,Evil Twin,5163,5163,1,-86.0
748,Evil Twin,10064,10064,1,-84.0
750,Rogue SSID,10168,10168,1,-84.0
752,Rogue SSID,388,388,1,-68.0
754,Evil Twin,1959,2042,2,-75.0
756,Rogue SSID,4634,4634,1,-74.0
758,Evil Twin,6309,6309,1,-45.0
760,Evil Twin,6934,6934,1,-63.0
762,Rogue SSID,7013,7013,1,-60.0
764,Evil Twin,7157,7157,1,-51.0
766,Evil Twin,7887,7887,1,-59.0
768,Evil Twin,8217,8217,1,-64.0
770,Rogue SSID,323,323,1,-80.0
772,Rogue SSID,1716,1716,1,-81.0
774,Evil Twin,3917,3917,1,-84.0
776,Evil Twin,4324,4324,1,-81.0
778,Evil Twin,4735,4735,1,-78.0
780,Rogue SSID,4785,4785,1,-78.0
782,Evil Twin,4886,4886,1,-67.0
784,Rogue SSID,4905,4905,1,-67.0
786,Evil Twin,5560,5560,1,-51.0
788,Evil Twin,5957,5957,1,-56.0
790,Distributional Outlier,282,3984,68,-77.0
792,Evil Twin,4126,4126,1,-83.0
794,Evil Twin,4391,4391,1,-63.0
796,Evil Twin,4666,4666,1,-84.0
798,Evil Twin,4755,4755,1,-68.0
800,Rogue SSID,5102,5102,1,-64.0
802,Evil Twin,5292,5292,1,-65.0
804,Rogue SSID,5816,5816,1,-50.0
806,Evil Twin,9075,9075,1,-57.0
808,Evil Twin,4040,4040,1,-74.0
810,Rogue SSID,4357,4357,1,-58.0
812,Evil Twin,4654,4654,1,-61.0
814,Evil Twin,4727,4727,1,-79.0
816,Evil Twin,5062,5062,1,-79.0
818,Evil Twin,5292,5292,1,-71.0
820,Evil Twin,5788,5788,1,-64.0
822,Rogue SSID,6060,6060,1,-67.0
824,Rogue SSID,8843,8843,1,-75.0
826,Evil Twin,271,271,1,-53.0
828,Evil Twin,308,308,1,-66.0
830,Evil Twin,3708,3708,1,-59.0
832,Evil Twin,3742,3742,1,-57.0
834,Evil Twin,3812,3812,1,-88.0
836,Evil Twin,4128,4128,1,-67.0
838,Evil Twin,4218,4218,1,-78.0
840,Rogue SSID,4577,4577,1,-84.0
842,Evil Twin,4750,4750,1,-76.0
844,Distributional Outlier,5535,11007,236,-50.1
846,Evil Twin,3577,3577,1,-41.0
848,Rogue SSID,3920,3920,1,-72.0
850,Rogue SSID,4274,4274,1,-70.0
852,Rogue SSID,4599,4599,1,-48.0
854,Evil Twin,4795,4795,1,-71.0
856,Evil Twin,5129,5129,1,-67.0
858,Evil Twin,5387,5387,1,-49.0
860,Evil Twin,5901,5901,1,-51.0
862,Rogue SSID,5973,5973,1,-61.0
864,Evil Twin,1859,1859,1,-73.0
866,Rogue SSID,2752,2752,1,-73.0
868,Rogue SSID,3915,3915,1,-94.0
869,Evil Twin,3942,3942,1,-89.0
871,Rogue SSID,4126,4126,1,-88.0
872,Evil Twin,4130,4130,1,-93.0
874,Evil Twin,4166,4166,1,-93.0
876,Evil Twin,4356,4356,1,-76.0
878,Rogue SSID,4625,4625,1,-85.0
880,Rogue SSID,4673,4673,1,-87.0
882,Evil Twin,4886,4926,2,-87.5
884,Evil Twin,3666,3666,1,-52.0
886,Evil Twin,4200,4200,1,-81.0
888,Evil Twin,5511,5511,1,-75.0
890,Rogue SSID,6261,6261,1,-75.0
892,Evil Twin,161,161,1,-72.0
894,Evil Twin,219,219,1,-72.0
896,Evil Twin,391,391,1,-85.0
898,Evil Twin,684,684,1,-82.0
900,Rogue SSID,916,916,1,-88.0
902,Evil Twin,1787,1793,2,-72.5
904,Evil Twin,1858,1858,1,-72.0
906,Evil Twin,2656,2656,1,-73.0
908,Rogue SSID,4724,4724,1,-91.0
910,Rogue SSID,4876,4876,1,-88.0
912,Rogue SSID,4988,4988,1,-93.0
914,Evil Twin,10411,10411,1,-82.0
916,Evil Twin,40,40,1,-79.0
918,Rogue SSID,111,111,1,-68.0
920,Rogue SSID,293,293,1,-88.0
922,Rogue SSID,557,557,1,-84.0
924,Evil Twin,898,898,1,-50.0
926,Evil Twin,933,933,1,-71.0
928,Evil Twin,998,998,1,-80.0
930,Rogue SSID,1356,1356,1,-70.0
932,Evil Twin,1488,1488,1,-79.0
934,Evil Twin,1716,1716,1,-76.0
936,Evil Twin,2069,2069,1,-67.0
938,Evil Twin,2339,2339,1,-68.0
940,Rogue SSID,4664,4664,1,-90.0
942,Evil Twin,272,272,1,-54.0
944,Evil Twin,3626,3626,1,-67.0
946,Evil Twin,3754,3754,1,-73.0
948,Rogue SSID,3957,3957,1,-83.0
950,Evil Twin,4655,4655,1,-87.0
952,Evil Twin,4833,4833,1,-92.0
954,Rogue SSID,5104,5104,1,-91.0
956,Evil Twin,5159,5159,1,-81.0
958,Rogue SSID,5378,5378,1,-84.0
960,Evil Twin,2100,2100,1,-76.0
962,Evil Twin,9899,9899,1,-78.0
964,Evil Twin,10093,10093,1,-85.0
966,Evil Twin,10614,10614,1,-79.0
968,Rogue SSID,10839,10839,1,-82.0
970,Rogue SSID,328,328,1,-92.0
972,Evil Twin,3090,3090,1,-74.0
974,Evil Twin,4521,4521,1,-95.0
976,Evil Twin,3151,3151,1,-67.0
978,Evil Twin,3389,3389,1,-69.0
980,Evil Twin,3849,3849,1,-85.0
982,Evil Twin,4146,4146,1,-84.0
984,Evil Twin,5255,5255,1,-87.0
985,Rogue SSID,5258,5258,1,-90.0
987,Evil Twin,3091,3091,1,-63.0
989,Rogue SSID,3987,3987,1,-86.0
991,Evil Twin,4219,4219,1,-89.0
993,Evil Twin,4246,4246,1,-81.0
995,Evil Twin,4917,4917,1,-86.0
997,Evil Twin,5033,5033,1,-89.0
999,Evil Twin,5636,5636,1,-64.0
1001,Evil Twin,6347,6347,1,-81.0
1003,Rogue SSID,7048,7048,1,-65.0
1005,Evil Twin,8374,8374,1,-65.0
1007,Rogue SSID,8829,8829,1,-60.0
1009,Evil Twin,9155,9155,1,-52.0
1011,Evil Twin,9418,9418,1,-37.0
1013,Evil Twin,9441,9441,1,-72.0
1015,Evil Twin,9734,9734,1,-52.0
1017,Evil Twin,10106,10106,1,-68.0
1019,Rogue SSID,10551,10551,1,-67.0
1021,Rogue SSID,11040,11040,1,-59.0
1023,Rogue SSID,11280,11280,1,-63.0
1025,Rogue SSID,3832,3832,1,-83.0
1027,Rogue SSID,4046,4046,1,-73.0
1029,Evil Twin,4488,4488,1,-84.0
1031,Rogue SSID,4716,4716,1,-80.0
1033,Evil Twin,4829,4829,1,-73.0
1035,Rogue SSID,5114,5114,1,-83.0
1037,Evil Twin,5940,5940,1,-49.0
1039,Evil Twin,6104,6104,1,-48.0
1041,Rogue SSID,6260,6260,1,-49.0
1043,Evil Twin,351,351,1,-92.0
1045,Rogue SSID,3306,3306,1,-46.0
1047,Rogue SSID,4150,4150,1,-86.0
1049,Evil Twin,4343,4343,1,-70.0
1051,Evil Twin,344,360,2,-77.5
1053,Rogue SSID,3355,3355,1,-48.0
1055,Rogue SSID,4466,4466,1,-91.0
1056,Evil Twin,4495,4495,1,-66.0
1058,Evil Twin,4619,4619,1,-90.0
1060,Rogue SSID,4266,4266,1,-91.0
1062,Evil Twin,5049,5049,1,-93.0
1064,Evil Twin,4789,4789,1,-84.0
1066,Rogue SSID,10564,10564,1,-84.0
1068,Evil Twin,5132,5132,1,-85.0
1070,Rogue SSID,5765,5765,1,-83.0
1072,Evil Twin,4101,4101,1,-90.0
1074,Evil Twin,4199,4199,1,-82.0
1076,Evil Twin,4341,4341,1,-74.0
1078,Evil Twin,5075,5075,1,-79.0
1080,Rogue SSID,3343,3343,1,-52.0
1082,Evil Twin,3373,3373,1,-66.0
1084,Rogue SSID,3407,3407,1,-65.0
1086,Rogue SSID,3566,3566,1,-70.0
1088,Evil Twin,4471,4471,1,-95.0
1090,Rogue SSID,5200,5200,1,-83.0
1092,Rogue SSID,5545,5545,1,-77.0
1094,Rogue SSID,5829,5829,1,-73.0
1096,Evil Twin,5962,5962,1,-77.0
1098,Rogue SSID,691,691,1,-83.0
1100,Evil Twin,3264,3264,1,-74.0
1102,Evil Twin,4896,4896,1,-91.0
1104,Evil Twin,5525,5525,1,-70.0
1106,Evil Twin,5970,5970,1,-59.0
1108,Rogue SSID,6216,6216,1,-57.0
1110,Evil Twin,8938,8938,1,-74.0
1112,Evil Twin,10850,10850,1,-86.0
1114,Evil Twin,22,22,1,-53.0
1116,Evil Twin,386,386,1,-53.0
1118,Evil Twin,520,529,2,-68.5
1120,Evil Twin,804,804,1,-60.0
1122,Evil Twin,1763,1763,1,-46.0
1124,Evil Twin,1953,1953,1,-49.0
1126,Evil Twin,2062,2062,1,-39.0
1128,Evil Twin,2492,2492,1,-34.0
1130,Evil Twin,3057,3057,1,-33.0
1132,Rogue SSID,3963,3963,1,-82.0
1134,Rogue SSID,558,558,1,-90.0
1136,Evil Twin,4153,4153,1,-89.0
1138,Distributional Outlier,4688,7447,75,-99.0
1140,Rogue SSID,8022,8022,1,-89.0
1142,Evil Twin,10183,10183,1,-81.0
1144,Evil Twin,10578,10578,1,-84.0
1146,Evil Twin,11284,11284,1,-75.0
1148,Evil Twin,4496,4496,1,-81.0
1150,Evil Twin,4031,4031,1,-88.0
1152,Evil Twin,3157,3157,1,-74.0
1154,Evil Twin,3353,3353,1,-72.0
1156,Evil Twin,3855,3855,1,-94.0
1158,Rogue SSID,4301,4301,1,-91.0
1160,Evil Twin,5343,5343,1,-79.0
1162,Evil Twin,10075,10075,1,-90.0
1164,Evil Twin,288,288,1,-89.0
1165,Rogue SSID,315,315,1,-83.0
1167,Evil Twin,8203,8203,1,-95.0
1169,Rogue SSID,10505,10505,1,-84.0
1171,Evil Twin,10919,10919,1,-83.0
1173,Rogue SSID,6728,6728,1,-62.0
1175,Evil Twin,6867,6867,1,-53.0
1177,Evil Twin,7118,7118,1,-62.0
1179,Rogue SSID,7299,7299,1,-44.0
1181,Evil Twin,7483,7483,1,-49.0
1183,Rogue SSID,8283,8283,1,-55.0
1185,Evil Twin,8447,8447,1,-59.0
1187,Rogue SSID,3152,3152,1,-67.0
1189,Rogue SSID,5006,5006,1,-86.0
1191,Evil Twin,539,539,1,-54.0
1193,Rogue SSID,825,825,1,-56.0
1195,Rogue SSID,1149,1149,1,-56.0
1197,Evil Twin,1601,1601,1,-59.0
1199,Evil Twin,2188,2188,1,-73.0
1201,Rogue SSID,2234,2234,1,-74.0
1203,Evil Twin,2542,2542,1,-73.0
1205,Evil Twin,6421,6421,1,-65.0
1207,Rogue SSID,6928,6928,1,-39.0
1209,Evil Twin,7344,7344,1,-56.0
1211,Evil Twin,7909,7909,1,-51.0
1213,Evil Twin,8040,8040,1,-56.0
1215,Evil Twin,8082,8082,1,-44.0
1217,Evil Twin,8477,8477,1,-34.0
1219,Evil Twin,339,339,1,-89.0
1221,Evil Twin,760,760,1,-81.0
1223,Rogue SSID,4740,4740,1,-93.0
1225,Rogue SSID,6295,6295,1,-48.0
1227,Evil Twin,6393,6393,1,-41.0
1229,Rogue SSID,6981,6981,1,-58.0
1231,Evil Twin,7631,7631,1,-29.0
1233,Evil Twin,8215,8215,1,-57.0
1235,Rogue SSID,8265,8265,1,-55.0
1237,Evil Twin,8410,8410,1,-29.0
1239,Evil Twin,9313,9313,1,-75.0
1241,Evil Twin,9625,9625,1,-74.0
1243,Evil Twin,4149,4149,1,-87.0
1245,Evil Twin,4455,4455,1,-80.0
1247,Rogue SSID,747,747,1,-75.0
1249,Rogue SSID,3134,3134,1,-73.0
1251,Rogue SSID,3399,3399,1,-68.0
1253,Evil Twin,4394,4394,1,-92.0
1255,Evil Twin,6148,6148,1,-66.0
1257,Evil Twin,9222,9222,1,-85.0
1259,Rogue SSID,9462,9462,1,-85.0
1261,Evil Twin,418,418,1,-73.0
1263,Evil Twin,5508,5508,1,-63.0
1265,Evil Twin,5657,5657,1,-79.0
1267,Evil Twin,5731,5731,1,-74.0
1269,Distributional Outlier,4452,4849,7,-78.8
1271,Evil Twin,5102,5102,1,-79.0
1273,Evil Twin,275,275,1,-63.0
1275,Rogue SSID,3136,3136,1,-69.0
1277,Rogue SSID,3578,3578,1,-71.0
1279,Evil Twin,177,177,1,-89.0
1281,Rogue SSID,3431,3431,1,-72.0
1283,Rogue SSID,279,279,1,-73.0
1285,Evil Twin,5605,5605,1,-81.0
1287,Evil Twin,804,804,1,-84.0
1289,Evil Twin,6288,6288,1,-78.0
1291,Rogue SSID,6470,6470,1,-67.0
1293,Evil Twin,6520,6520,1,-86.0
1295,Rogue SSID,6560,6560,1,-63.0
1297,Rogue SSID,7814,7814,1,-67.0
1298,Evil Twin,7892,7892,1,-67.0
1300,Evil Twin,8452,8452,1,-84.0
1302,Rogue SSID,8981,8981,1,-85.0
1304,Evil Twin,9662,9662,1,-84.0
1306,Evil Twin,10215,10215,1,-83.0
1308,Evil Twin,10685,10685,1,-84.0
1310,Rogue SSID,11323,11323,1,-81.0
1312,Evil Twin,267,267,1,-73.0
1314,Rogue SSID,831,831,1,-84.0
1316,Rogue SSID,6347,6347,1,-81.0
1318,Rogue SSID,6376,6376,1,-67.0
1320,Rogue SSID,6556,6556,1,-62.0
1322,Rogue SSID,6969,6969,1,-78.0
1324,Evil Twin,7039,7039,1,-79.0
1326,Rogue SSID,8340,8340,1,-49.0
1328,Evil Twin,9873,9873,1,-85.0
1330,Rogue SSID,10202,10202,1,-86.0
1332,Evil Twin,621,621,1,-61.0
1334,Rogue SSID,696,696,1,-55.0
1336,Evil Twin,977,977,1,-39.0
1338,Evil Twin,1287,1287,1,-65.0
1340,Evil Twin,1994,1994,1,-56.0
1342,Evil Twin,2961,2961,1,-57.0
1344,Rogue SSID,6551,6551,1,-59.0
1346,Evil Twin,5445,5445,1,-83.0
1348,Evil Twin,5639,5639,1,-84.0
1350,Evil Twin,344,344,1,-69.0
1352,Evil Twin,553,553,1,-53.0
1354,Evil Twin,632,632,1,-59.0
1355,Rogue SSID,656,656,1,-43.0
1357,Evil Twin,948,948,1,-58.0
1359,Evil Twin,1488,1488,1,-50.0
1361,Rogue SSID,1782,1782,1,-52.0
1363,Rogue SSID,2098,2098,1,-37.0
1365,Evil Twin,2585,2585,1,-50.0
1367,Rogue SSID,2791,2791,1,-43.0
1369,Evil Twin,4436,4436,1,-74.0
1371,Evil Twin,4804,4804,1,-78.0
1373,Evil Twin,5080,5080,1,-65.0
1375,Evil Twin,5204,5204,1,-79.0
1377,Evil Twin,5263,5263,1,-51.0
1379,Evil Twin,5290,5290,1,-79.0
1381,Evil Twin,5341,5341,1,-80.0
1383,Evil Twin,5677,5677,1,-73.0
1385,Rogue SSID,9262,9262,1,-89.0
1387,Rogue SSID,6382,6382,1,-69.0
1389,Evil Twin,6790,6790,1,-66.0
1391,Evil Twin,7021,7021,1,-60.0
1393,Evil Twin,8446,8446,1,-72.0
1395,Evil Twin,9032,9032,1,-81.0
1397,Evil Twin,10316,10316,1,-79.0
1399,Evil Twin,10648,10648,1,-77.0
1401,Evil Twin,92,92,1,-71.0
1403,Rogue SSID,214,214,1,-81.0
1405,Evil Twin,412,412,1,-66.0
1407,Evil Twin,746,746,1,-75.0
1409,Evil Twin,6416,6416,1,-68.0
1411,Rogue SSID,7112,7112,1,-63.0
1413,Evil Twin,7750,7750,1,-55.0
1415,Evil Twin,8364,8364,1,-69.0
1417,Rogue SSID,9925,9925,1,-72.0
1419,Rogue SSID,10107,10107,1,-73.0
1421,Evil Twin,10207,10207,1,-69.0
1423,Evil Twin,10503,10503,1,-66.0
1425,Evil Twin,11205,11205,1,-70.0
1427,Rogue SSID,8725,8725,1,-81.0
1429,Evil Twin,9036,9036,1,-76.0
1431,Rogue SSID,10282,10282,1,-78.0
1433,Rogue SSID,10702,10702,1,-74.0
1435,Evil Twin,10933,10933,1,-80.0
1437,Evil Twin,10961,10961,1,-76.0
1439,Evil Twin,11184,11184,1,-84.0
1441,Evil Twin,606,613,2,-58.0
1443,Evil Twin,6988,6988,1,-72.0
1445,Evil Twin,7121,7121,1,-54.0
1447,Evil Twin,7652,7652,1,-69.0
1449,Evil Twin,8211,8211,1,-61.0
1451,Rogue SSID,8781,8781,1,-76.0
1453,Evil Twin,9914,9914,1,-72.0
1455,Evil Twin,10064,10064,1,-59.0
1457,Evil Twin,10338,10338,1,-69.0
1459,Evil Twin,10472,10472,1,-64.0
1461,Rogue SSID,11269,11269,1,-74.0
1463,Evil Twin,11301,11301,1,-70.0
1465,Evil Twin,782,782,1,-50.0
1467,Evil Twin,8881,8881,1,-69.0
1469,Rogue SSID,10339,10339,1,-41.0
1471,Rogue SSID,10426,10426,1,-50.0
1473,Evil Twin,10463,10463,1,-50.0
1475,Evil Twin,10614,10614,1,-54.0
1477,Evil Twin,10660,10660,1,-50.0
1479,Evil Twin,10738,10738,1,-50.0
1481,Rogue SSID,11072,11072,1,-47.0
1483,Evil Twin,715,715,1,-78.0
1485,Evil Twin,828,828,1,-56.0
1487,Rogue SSID,6372,6372,1,-71.0
1489,Rogue SSID,7790,7790,1,-70.0
1491,Evil Twin,8199,8199,1,-69.0
1493,Rogue SSID,8215,8215,1,-52.0
1495,Rogue SSID,8429,8429,1,-60.0
1497,Evil Twin,8584,8584,1,-73.0
1499,Rogue SSID,8794,8794,1,-85.0
1501,Rogue SSID,9301,9301,1,-76.0
1503,Evil Twin,9884,9884,1,-66.0
1505,Evil Twin,10036,10036,1,-63.0
1507,Evil Twin,10251,10251,1,-42.0
1509,Evil Twin,10403,10403,1,-58.0
1511,Evil Twin,10182,10182,1,-77.0
1513,Evil Twin,202,202,1,-73.0
1515,Evil Twin,386,386,1,-65.0
1517,Evil Twin,881,881,1,-61.0
1519,Evil Twin,894,894,1,-69.0
1521,Rogue SSID,2200,2200,1,-66.0
1523,Rogue SSID,2386,2386,1,-75.0
1525,Evil Twin,2654,2654,1,-73.0
1527,Evil Twin,2871,2871,1,-72.0
1529,Evil Twin,2998,2998,1,-67.0
1531,Evil Twin,6766,6766,1,-85.0
1533,Rogue SSID,7803,7803,1,-60.0
1535,Evil Twin,8409,8409,1,-83.0
1537,Evil Twin,8727,8727,1,-53.0
1539,Rogue SSID,8929,8929,1,-56.0
1541,Evil Twin,9593,9593,1,-38.0
1543,Evil Twin,9838,9838,1,-73.0
1545,Evil Twin,10200,10200,1,-59.0
1547,Rogue SSID,10252,10252,1,-59.0
1549,Rogue SSID,10335,10335,1,-70.0
1551,Evil Twin,6331,6336,2,-61.0
1553,Rogue SSID,6897,6897,1,-64.0
1555,Evil Twin,6964,6964,1,-60.0
1557,Rogue SSID,7142,7142,1,-72.0
1559,Rogue SSID,7296,7296,1,-66.0
1561,Evil Twin,11158,11158,1,-70.0
1563,Rogue SSID,508,508,1,-61.0
1565,Evil Twin,611,611,1,-58.0
1567,Rogue SSID,6594,6594,1,-68.0
1569,Rogue SSID,6861,6861,1,-54.0
1571,Distributional Outlier,7154,8079,60,-69.4
1573,Rogue SSID,8153,8153,1,-69.0
1575,Rogue SSID,8536,8536,1,-62.0
1577,Evil Twin,10267,10267,1,-72.0
1579,Evil Twin,10823,10823,1,-65.0
1581,Rogue SSID,11030,11030,1,-64.0
1583,Rogue SSID,6436,6436,1,-64.0
1585,Rogue SSID,6489,6489,1,-57.0
1587,Evil Twin,8377,8377,1,-62.0
1589,Evil Twin,9853,9853,1,-78.0
1591,Evil Twin,10455,10455,1,-75.0
1593,Evil Twin,10662,10662,1,-69.0
1595,Evil Twin,36,36,1,-53.0
1597,Evil Twin,198,198,1,-80.0
1599,Rogue SSID,559,559,1,-49.0
1600,Evil Twin,568,568,1,-80.0
1602,Evil Twin,812,812,1,-72.0
1603,Rogue SSID,832,832,1,-61.0
1605,Evil Twin,1122,1122,1,-71.0
1607,Evil Twin,1495,1495,1,-79.0
1609,Rogue SSID,3017,3024,2,-44.5
1611,Evil Twin,4975,4975,1,-82.0
1613,Rogue SSID,6619,6619,1,-64.0
1615,Evil Twin,8294,8294,1,-47.0
1617,Evil Twin,9870,9870,1,-66.0
1619,Evil Twin,10757,10757,1,-60.0
1621,Evil Twin,6741,6741,1,-33.0
1623,Rogue SSID,7607,7607,1,-42.0
1625,Evil Twin,7651,7659,2,-48.5
1627,Evil Twin,8057,8057,1,-43.0
1629,Evil Twin,8117,8117,1,-39.0
1631,Evil Twin,8265,8265,1,-47.0
1633,Rogue SSID,8310,8310,1,-51.0
1635,Evil Twin,9955,9955,1,-59.0
1637,Rogue SSID,6541,6541,1,-39.0
1639,Evil Twin,6637,6637,1,-40.0
1641,Evil Twin,7017,7019,2,-41.0
1643,Evil Twin,8455,8455,1,-47.0
1645,Evil Twin,8606,8606,1,-41.0
1647,Rogue SSID,9851,9851,1,-59.0
1649,Evil Twin,801,801,1,-83.0
1651,Evil Twin,10390,10390,1,-82.0
1653,Evil Twin,6449,6449,1,-45.0
1655,Rogue SSID,6543,6543,1,-54.0
1657,Evil Twin,6610,6610,1,-52.0
1659,Evil Twin,6930,6930,1,-41.0
1661,Evil Twin,7252,7252,1,-39.0
1663,Distributional Outlier,7559,10738,144,-58.3
1665,Evil Twin,9950,9950,1,-72.0
1667,Evil Twin,136,136,1,-44.0
1669,Rogue SSID,1633,1633,1,-60.0
1671,Rogue SSID,1754,1754,1,-58.0
1673,Rogue SSID,2210,2210,1,-57.0
1675,Evil Twin,2343,2343,1,-53.0
1677,Evil Twin,2368,2368,1,-52.0
1679,Evil Twin,4670,4670,1,-92.0
1681,Rogue SSID,179,179,1,-83.0
1683,Evil Twin,424,424,1,-64.0
1685,Evil Twin,683,683,1,-83.0
1687,Rogue SSID,854,854,1,-81.0
1689,Evil Twin,1271,1271,1,-48.0
1691,Evil Twin,1340,1340,1,-63.0
1693,Evil Twin,1395,1395,1,-67.0
1695,Rogue SSID,1769,1769,1,-81.0
1696,Evil Twin,1770,1772,2,-71.5
1698,Evil Twin,2112,2112,1,-68.0
1700,Evil Twin,2246,2246,1,-69.0
1701,Rogue SSID,2256,2256,1,-70.0
1703,Evil Twin,4365,4365,1,-91.0
1705,Evil Twin,5010,5010,1,-86.0
1707,Rogue SSID,9973,9973,1,-65.0
1709,Evil Twin,11296,11296,1,-67.0
1711,Evil Twin,9813,9813,1,-57.0
1713,Evil Twin,10954,10954,1,-73.0
1715,Rogue SSID,11011,11011,1,-55.0
1717,Evil Twin,535,535,1,-35.0
1719,Rogue SSID,561,561,1,-58.0
1721,Evil Twin,619,619,1,-72.0
1723,Rogue SSID,7135,7135,1,-70.0
1725,Evil Twin,7850,7850,1,-59.0
1727,Evil Twin,8338,8338,1,-57.0
1729,Evil Twin,10351,10351,1,-51.0
1731,Rogue SSID,9947,9947,1,-74.0
1733,Rogue SSID,10132,10132,1,-70.0
1735,Distributional Outlier,522,6649,25,-98.3
1737,Rogue SSID,7012,7012,1,-86.0
1739,Evil Twin,7243,7243,1,-90.0
1741,Evil Twin,9209,9209,1,-83.0
1743,Rogue SSID,567,567,1,-63.0
1745,Rogue SSID,629,629,1,-51.0
1747,Evil Twin,6625,6625,1,-63.0
1749,Evil Twin,6695,6695,1,-59.0
1751,Evil Twin,7440,7440,1,-63.0
1753,Evil Twin,7955,7955,1,-63.0
1755,Rogue SSID,8548,8548,1,-64.0
1757,Evil Twin,9337,9337,1,-74.0
1759,Evil Twin,9885,9885,1,-45.0
1761,Evil Twin,10586,10586,1,-61.0
1763,Evil Twin,609,609,1,-57.0
1765,Rogue SSID,997,997,1,-70.0
1767,Rogue SSID,1067,1067,1,-73.0
1769,Evil Twin,1374,1374,1,-69.0
1771,Evil Twin,2295,2295,1,-49.0
1773,Rogue SSID,2426,2426,1,-47.0
1775,Evil Twin,2950,2950,1,-49.0
1777,Evil Twin,4619,4619,1,-78.0
1779,Evil Twin,10820,10820,1,-86.0
1781,Rogue SSID,652,652,1,-85.0
1783,Rogue SSID,6353,6353,1,-84.0
1785,Rogue SSID,6772,6782,2,-69.5
1787,Evil Twin,6910,6910,1,-83.0
1789,Evil Twin,7068,7068,1,-75.0
1791,Rogue SSID,7407,7407,1,-83.0
1793,Rogue SSID,7621,7621,1,-77.0
1795,Rogue SSID,7913,7913,1,-84.0
1797,Evil Twin,8250,8250,1,-70.0
1799,Evil Twin,557,557,1,-66.0
1801,Evil Twin,6437,6437,1,-63.0
1803,Evil Twin,6502,6502,1,-39.0
1805,Evil Twin,7821,7821,1,-51.0
1807,Evil Twin,8148,8148,1,-73.0
1809,Evil Twin,8193,8209,2,-53.0
1811,Rogue SSID,8559,8559,1,-73.0
1813,Rogue SSID,10189,10189,1,-64.0
1815,Evil Twin,10500,10500,1,-64.0
1817,Evil Twin,10972,10972,1,-55.0
1819,Evil Twin,11232,11261,2,-53.5
1821,Evil Twin,501,501,1,-58.0
1823,Evil Twin,579,579,1,-56.0
1825,Evil Twin,6439,6439,1,-49.0
1827,Evil Twin,6907,6907,1,-56.0
1829,Rogue SSID,7145,7145,1,-56.0
1831,Evil Twin,7554,7554,1,-45.0
1833,Rogue SSID,7929,7929,1,-63.0
1835,Evil Twin,8028,8028,1,-45.0
1837,Evil Twin,8190,8190,1,-38.0
1839,Evil Twin,8252,8252,1,-54.0
1841,Evil Twin,7178,7178,1,-88.0
1843,Evil Twin,10153,10153,1,-80.0
1845,Evil Twin,10487,10487,1,-86.0
1847,Rogue SSID,10906,10906,1,-83.0
1849,Evil Twin,786,786,1,-62.0
1851,Rogue SSID,6635,6635,1,-61.0
1853,Evil Twin,7433,7433,1,-42.0
1855,Rogue SSID,7664,7664,1,-53.0
1857,Rogue SSID,8308,8308,1,-83.0
1859,Evil Twin,9884,9884,1,-55.0
1861,Evil Twin,10855,10855,1,-66.0
1863,Evil Twin,10975,10975,1,-54.0
1865,Evil Twin,6510,6510,1,-62.0
1867,Evil Twin,7056,7056,1,-62.0
1869,Rogue SSID,7102,7102,1,-66.0
1871,Evil Twin,7211,7211,1,-66.0
1873,Rogue SSID,7582,7582,1,-68.0
1875,Rogue SSID,7822,7822,1,-71.0
1877,Evil Twin,8581,8581,1,-75.0
1879,Evil Twin,10146,10146,1,-72.0
1881,Rogue SSID,11213,11213,1,-58.0
1883,Rogue SSID,6322,6322,1,-56.0
1885,Evil Twin,6516,6516,1,-58.0
1887,Evil Twin,6635,6635,1,-60.0
1889,Evil Twin,6740,6740,1,-62.0
1891,Evil Twin,6993,6993,1,-71.0
1893,Evil Twin,7465,7465,1,-63.0
1895,Rogue SSID,7979,7979,1,-64.0
1897,Rogue SSID,8027,8027,1,-63.0
1899,Rogue SSID,8068,8068,1,-56.0
1901,Evil Twin,9868,9868,1,-88.0
1903,Rogue SSID,10222,10222,1,-81.0
1905,Evil Twin,10558,10558,1,-83.0
1907,Evil Twin,10816,10816,1,-80.0
1909,Evil Twin,152,152,1,-37.0
1911,Evil Twin,209,209,1,-45.0
1913,Evil Twin,591,591,1,-57.0
1915,Rogue SSID,711,711,1,-48.0
1917,Rogue SSID,893,893,1,-39.0
1919,Rogue SSID,1332,1332,1,-41.0
1921,Evil Twin,1358,1358,1,-76.0
1923,Evil Twin,2666,2666,1,-57.0
1925,Evil Twin,2720,2720,1,-49.0
1927,Evil Twin,2828,2828,1,-48.0
1929,Evil Twin,3017,3017,1,-51.0
1931,Rogue SSID,3088,3088,1,-58.0
1933,Evil Twin,4576,4576,1,-86.0
1935,Rogue SSID,540,540,1,-57.0
1937,Evil Twin,564,564,1,-58.0
1939,Evil Twin,6272,6272,1,-60.0
1941,Evil Twin,6395,6395,1,-37.0
1943,Rogue SSID,6482,6482,1,-36.0
1945,Evil Twin,6967,6967,1,-49.0
1947,Evil Twin,7221,7221,1,-56.0
1949,Evil Twin,7538,7538,1,-63.0
1951,Evil Twin,7571,7571,1,-46.0
1953,Evil Twin,7632,7632,1,-63.0
1955,Evil Twin,7914,7914,1,-70.0
1957,Evil Twin,7956,7956,1,-56.0
1959,Evil Twin,8009,8009,1,-66.0
1961,Evil Twin,8551,8551,1,-65.0
1963,Evil Twin,9877,9877,1,-70.0
1965,Evil Twin,10844,10844,1,-68.0
1967,Rogue SSID,659,659,1,-59.0
1969,Evil Twin,7827,7827,1,-45.0
1971,Evil Twin,7924,7924,1,-64.0
1973,Evil Twin,8417,8417,1,-59.0
1975,Evil Twin,8478,8478,1,-64.0
1977,Evil Twin,11287,11287,1,-69.0
1979,Rogue SSID,10318,10318,1,-80.0
1981,Evil Twin,10733,10733,1,-82.0
1983,Evil Twin,10189,10189,1,-86.0
1985,Evil Twin,6783,6783,1,-44.0
1987,Rogue SSID,7629,7629,1,-35.0
1989,Evil Twin,7666,7666,1,-53.0
1991,Evil Twin,7850,7850,1,-49.0
1993,Evil Twin,7863,7863,1,-35.0
1995,Evil Twin,10612,10612,1,-84.0
1997,Evil Twin,297,297,1,-85.0
1999,Evil Twin,1103,1103,1,-74.0
2001,Rogue SSID,1608,1608,1,-70.0
2003,Evil Twin,1927,1927,1,-41.0
2005,Rogue SSID,2063,2063,1,-58.0
2007,Evil Twin,2206,2206,1,-54.0
2009,Evil Twin,2777,2777,1,-71.0
2011,Evil Twin,3018,3018,1,-66.0
2013,Rogue SSID,5010,5010,1,-90.0
2015,Evil Twin,5262,5262,1,-94.0
2017,Rogue SSID,7398,7398,1,-64.0
2019,Evil Twin,7562,7562,1,-63.0
2021,Rogue SSID,6524,6524,1,-64.0
2023,Rogue SSID,7453,7453,1,-79.0
2025,Evil Twin,7762,7762,1,-83.0
2027,Evil Twin,7364,7364,1,-84.0
2029,Evil Twin,36,36,1,-74.0
2031,Rogue SSID,132,132,1,-65.0
2033,Evil Twin,224,224,1,-81.0
2035,Evil Twin,262,262,1,-49.0
2037,Evil Twin,911,911,1,-75.0
2039,Evil Twin,992,992,1,-46.0
2041,Evil Twin,1249,1249,1,-69.0
2043,Evil Twin,1437,1437,1,-58.0
2045,Evil Twin,2875,2875,1,-84.0
2047,Rogue SSID,156,156,1,-78.0
2049,Rogue SSID,1501,1501,1,-75.0
2051,Evil Twin,113,113,1,-81.0
2053,Evil Twin,247,247,1,-79.0
2055,Rogue SSID,1795,1795,1,-72.0
2057,Rogue SSID,1804,1804,1,-72.0
2059,Rogue SSID,2323,2323,1,-72.0
2061,Rogue SSID,2558,2558,1,-72.0
2063,Evil Twin,2626,2626,1,-73.0
2065,Rogue SSID,2812,2812,1,-73.0
2067,Rogue SSID,2865,2865,1,-73.0
2069,Evil Twin,4388,4388,1,-93.0
2071,Evil Twin,4773,4773,1,-83.0
2073,Evil Twin,9897,9897,1,-79.0
2075,Evil Twin,10345,10345,1,-80.0
2077,Evil Twin,811,811,1,-64.0
2079,Evil Twin,988,988,1,-67.0
2081,Evil Twin,1498,1498,1,-65.0
2083,Evil Twin,2190,2190,1,-79.0
2085,Rogue SSID,2752,2752,1,-78.0
2087,Rogue SSID,5117,5117,1,-95.0
2089,Evil Twin,601,601,1,-91.0
2091,Evil Twin,737,737,1,-80.0
2093,Rogue SSID,810,810,1,-71.0
2095,Evil Twin,834,834,1,-82.0
2096,Rogue SSID,839,839,1,-78.0
2098,Evil Twin,2556,2556,1,-69.0
2100,Evil Twin,2648,2648,1,-61.0
2102,Evil Twin,3081,3081,1,-67.0
2104,Rogue SSID,4122,4122,1,-54.0
2106,Evil Twin,4366,4366,1,-60.0
2108,Evil Twin,4382,4382,1,-64.0
2110,Rogue SSID,4459,4459,1,-58.0
2112,Evil Twin,4546,4546,1,-56.0
2114,Evil Twin,4631,4631,1,-69.0
2116,Evil Twin,4936,4936,1,-71.0
2118,Evil Twin,5198,5198,1,-66.0
2120,Evil Twin,8889,8889,1,-54.0
2122,Rogue SSID,8914,8914,1,-38.0
2124,Evil Twin,10184,10184,1,-72.0
2126,Evil Twin,10591,10591,1,-66.0
2128,Rogue SSID,10635,10635,1,-77.0
2130,Evil Twin,10752,10752,1,-66.0
2132,Evil Twin,11057,11057,1,-81.0
2134,Evil Twin,90,90,1,-56.0
2136,Rogue SSID,479,479,1,-47.0
2138,Evil Twin,870,870,1,-56.0
2140,Rogue SSID,1065,1065,1,-56.0
2142,Evil Twin,1321,1321,1,-68.0
2144,Rogue SSID,1725,1725,1,-73.0
2146,Rogue SSID,2070,2070,1,-68.0
2148,Evil Twin,2414,2414,1,-59.0
2150,Evil Twin,4862,4862,1,-79.0
2152,Evil Twin,168,168,1,-59.0
2154,Rogue SSID,220,220,1,-50.0
2156,Evil Twin,1314,1314,1,-72.0
2158,Evil Twin,2023,2023,1,-71.0
2160,Evil Twin,23,23,1,-90.0
2162,Evil Twin,275,275,1,-50.0
2164,Rogue SSID,713,713,1,-53.0
2166,Evil Twin,1813,1813,1,-68.0
2168,Rogue SSID,4865,4865,1,-57.0
2170,Evil Twin,5366,5366,1,-30.0
2172,Rogue SSID,5402,5402,1,-44.0
2174,Rogue SSID,5480,5480,1,-48.0
2176,Evil Twin,5702,5702,1,-41.0
2178,Evil Twin,6047,6047,1,-50.0
2180,Rogue SSID,6257,6257,1,-38.0
2182,Evil Twin,8747,8747,1,-28.0
2184,Rogue SSID,9740,9740,1,-38.0
2186,Rogue SSID,10208,10208,1,-64.0
2188,Evil Twin,10445,10445,1,-66.0
2190,Rogue SSID,238,238,1,-89.0
2192,Evil Twin,440,440,1,-77.0
2194,Rogue SSID,854,854,1,-91.0
2196,Rogue SSID,891,891,1,-81.0
2198,Evil Twin,1803,1803,1,-66.0
2200,Evil Twin,2218,2218,1,-69.0
2202,Rogue SSID,2608,2608,1,-69.0
2204,Rogue SSID,2856,2856,1,-70.0
2206,Rogue SSID,3020,3020,1,-69.0
2208,Rogue SSID,4116,4116,1,-65.0
2210,Evil Twin,4184,4184,1,-90.0
2212,Evil Twin,4229,4229,1,-76.0
2214,Evil Twin,4268,4268,1,-71.0
2216,Evil Twin,4902,4902,1,-94.0
2218,Evil Twin,191,191,1,-77.0
2220,Evil Twin,241,241,1,-90.0
2222,Evil Twin,4550,4550,1,-76.0
2224,Rogue SSID,4964,4964,1,-47.0
2226,Evil Twin,59,59,1,-76.0
2228,Evil Twin,63,63,1,-83.0
2230,Rogue SSID,247,247,1,-69.0
2232,Rogue SSID,388,388,1,-83.0
2234,Rogue SSID,771,771,1,-81.0
2236,Evil Twin,1210,1210,1,-72.0
2238,Evil Twin,1510,1510,1,-78.0
2240,Evil Twin,2114,2114,1,-66.0
2242,Evil Twin,2317,2317,1,-43.0
2244,Rogue SSID,2422,2422,1,-38.0
2246,Evil Twin,4750,4750,1,-92.0
2248,Evil Twin,9903,9903,1,-87.0
2250,Rogue SSID,132,132,1,-81.0
2252,Rogue SSID,1233,1233,1,-87.0
2254,Rogue SSID,243,243,1,-86.0
2256,Rogue SSID,1325,1325,1,-83.0
2258,Evil Twin,1919,1919,1,-53.0
2260,Evil Twin,2168,2168,1,-69.0
2262,Evil Twin,2218,2218,1,-69.0
2264,Evil Twin,2618,2618,1,-80.0
2266,Rogue SSID,352,352,1,-41.0
2268,Evil Twin,3703,3703,1,-43.0
2270,Rogue SSID,4781,4781,1,-59.0
2272,Evil Twin,4986,4986,1,-52.0
2274,Rogue SSID,5047,5047,1,-54.0
2276,Evil Twin,5152,5152,1,-51.0
2278,Evil Twin,5574,5574,1,-46.0
2280,Rogue SSID,5940,5940,1,-29.0
2282,Evil Twin,8706,8706,1,-33.0
2284,Evil Twin,8855,8855,1,-59.0
2286,Evil Twin,9000,9000,1,-52.0
2288,Rogue SSID,9250,9250,1,-33.0
2290,Evil Twin,9486,9486,1,-49.0
2292,Evil Twin,9754,9754,1,-55.0
2294,Evil Twin,10012,10012,1,-70.0
2296,Evil Twin,612,612,1,-89.0
2298,Evil Twin,331,331,1,-83.0
2300,Evil Twin,714,714,1,-92.0
2302,Evil Twin,3355,3355,1,-45.0
2304,Rogue SSID,4666,4666,1,-62.0
2306,Evil Twin,4767,4767,1,-66.0
2308,Rogue SSID,4878,4878,1,-51.0
2310,Evil Twin,4961,4961,1,-61.0
2312,Evil Twin,5235,5235,1,-50.0
2314,Evil Twin,6,6,1,-87.0
2316,Evil Twin,319,319,1,-55.0
2318,Rogue SSID,702,702,1,-56.0
2320,Rogue SSID,2538,2538,1,-69.0
2322,Evil Twin,2576,2576,1,-71.0
2324,Evil Twin,2886,2886,1,-64.0
2326,Rogue SSID,2947,2947,1,-44.0
2328,Evil Twin,3013,3013,1,-70.0
2330,Rogue SSID,3858,3858,1,-53.0
2332,Evil Twin,3875,3875,1,-64.0
2334,Evil Twin,4734,4734,1,-71.0
2336,Evil Twin,4948,4948,1,-66.0
2338,Evil Twin,5001,5001,1,-74.0
2340,Evil Twin,5054,5054,1,-60.0
2342,Evil Twin,9531,9531,1,-47.0
2344,Rogue SSID,9729,9729,1,-61.0
2346,Evil Twin,9748,9748,1,-49.0
2348,Evil Twin,9818,9818,1,-72.0
2350,Evil Twin,9860,9860,1,-74.0
2352,Evil Twin,10067,10067,1,-79.0
2354,Rogue SSID,10304,10304,1,-58.0
2356,Evil Twin,10418,10418,1,-71.0
2358,Evil Twin,11038,11038,1,-67.0
2360,Evil Twin,11264,11264,1,-81.0
2362,Evil Twin,502,502,1,-69.0
2364,Rogue SSID,870,870,1,-81.0
2366,Evil Twin,1767,1767,1,-73.0
2368,Rogue SSID,2659,2659,1,-73.0
2370,Rogue SSID,918,918,1,-87.0
2372,Rogue SSID,32,32,1,-74.0
2374,Evil Twin,494,494,1,-85.0
2376,Evil Twin,816,816,1,-72.0
2378,Rogue SSID,629,629,1,-79.0
2380,Evil Twin,174,174,1,-62.0
2382,Evil Twin,195,195,1,-78.0
2384,Evil Twin,325,325,1,-76.0
2386,Evil Twin,988,988,1,-79.0
2388,Rogue SSID,1265,1265,1,-78.0
2390,Rogue SSID,1726,1726,1,-71.0
2392,Evil Twin,2012,2012,1,-69.0
2394,Evil Twin,2124,2124,1,-59.0
2396,Evil Twin,2192,2192,1,-81.0
2398,Evil Twin,3073,3073,1,-64.0
2400,Evil Twin,4016,4016,1,-85.0
2402,Rogue SSID,4274,4274,1,-88.0
2404,Evil Twin,5274,5274,1,-87.0
2406,Rogue SSID,107,107,1,-60.0
2408,Rogue SSID,173,173,1,-76.0
2410,Rogue SSID,196,196,1,-54.0
2412,Rogue SSID,311,311,1,-74.0
2414,Rogue SSID,645,645,1,-83.0
2416,Evil Twin,792,792,1,-88.0
2418,Rogue SSID,1892,1892,1,-46.0
2420,Evil Twin,2016,2016,1,-59.0
2422,Evil Twin,2029,2029,1,-37.0
2424,Rogue SSID,2162,2162,1,-45.0
2426,Rogue SSID,3032,3032,1,-35.0
2428,Evil Twin,4375,4375,1,-79.0
2430,Rogue SSID,4419,4419,1,-79.0
2432,Rogue SSID,5115,5115,1,-54.0
2434,Evil Twin,181,181,1,-90.0
2436,Evil Twin,306,306,1,-85.0
2438,Evil Twin,1343,1343,1,-73.0
2440,Evil Twin,2778,2778,1,-58.0
2442,Rogue SSID,68,68,1,-91.0
2444,Evil Twin,638,638,1,-84.0
2446,Evil Twin,2276,2276,1,-79.0
2448,Evil Twin,2421,2421,1,-81.0
2450,Rogue SSID,2367,2367,1,-73.0
2452,Evil Twin,3013,3013,1,-72.0
2454,Rogue SSID,10803,10803,1,-88.0
2456,Rogue SSID,428,428,1,-48.0
2458,Evil Twin,3141,3141,1,-45.0
2460,Rogue SSID,3567,3612,2,-47.0
2462,Evil Twin,4137,4137,1,-62.0
2464,Evil Twin,4250,4250,1,-68.0
2466,Evil Twin,4321,4321,1,-75.0
2468,Rogue SSID,4569,4569,1,-73.0
2470,Rogue SSID,9607,9607,1,-69.0
2472,Evil Twin,809,809,1,-88.0
2474,Evil Twin,26,26,1,-73.0
2476,Evil Twin,436,436,1,-32.0
2478,Evil Twin,782,782,1,-61.0
2480,Evil Twin,3222,3222,1,-51.0
2482,Rogue SSID,3230,3230,1,-48.0
2484,Rogue SSID,3259,3259,1,-46.0
2486,Evil Twin,3346,3346,1,-47.0
2488,Evil Twin,3992,4010,2,-64.0
2490,Evil Twin,4054,4054,1,-53.0
2492,Evil Twin,4078,4078,1,-63.0
2494,Evil Twin,4527,4527,1,-80.0
2496,Rogue SSID,5014,5014,1,-77.0
2498,Evil Twin,5402,5402,1,-44.0
2500,Rogue SSID,5423,5423,1,-48.0
2502,Evil Twin,5848,5848,1,-42.0
2504,Evil Twin,6065,6065,1,-42.0
2506,Evil Twin,8724,8724,1,-41.0
2508,Rogue SSID,9770,9770,1,-39.0
2510,Evil Twin,2097,2097,1,-77.0
2512,Rogue SSID,3218,3218,1,-39.0
2514,Evil Twin,3928,3928,1,-65.0
2516,Evil Twin,4876,4876,1,-64.0
2518,Evil Twin,5030,5030,1,-77.0
2520,Rogue SSID,5271,5271,1,-59.0
2522,Evil Twin,5349,5349,1,-56.0
2524,Evil Twin,280,280,1,-88.0
2526,Rogue SSID,3508,3508,1,-46.0
2528,Evil Twin,3804,3804,1,-42.0
2530,Evil Twin,3947,3947,1,-47.0
2532,Evil Twin,4364,4364,1,-72.0
2534,Evil Twin,4963,4963,1,-70.0
2536,Evil Twin,5590,5590,1,-62.0
2538,Rogue SSID,33,33,1,-69.0
2540,Evil Twin,67,67,1,-76.0
2542,Rogue SSID,134,134,1,-51.0
2544,Rogue SSID,1277,1277,1,-74.0
2546,Evil Twin,1824,1824,1,-59.0
2548,Evil Twin,1957,1957,1,-45.0
2550,Evil Twin,2021,2021,1,-59.0
2552,Evil Twin,2051,2051,1,-45.0
2554,Distributional Outlier,2220,3007,75,-69.9
2556,Evil Twin,3070,3070,1,-52.0
2558,Evil Twin,4676,4676,1,-71.0
2560,Evil Twin,78,78,1,-85.0
2562,Evil Twin,120,120,1,-74.0
2564,Evil Twin,726,726,1,-85.0
2566,Evil Twin,6584,6584,1,-83.0
2568,Rogue SSID,9929,9929,1,-83.0
2570,Rogue SSID,10000,10000,1,-79.0
2572,Evil Twin,2085,2085,1,-72.0
2574,Evil Twin,2406,2406,1,-72.0
2576,Rogue SSID,2718,2718,1,-70.0
2578,Evil Twin,2809,2809,1,-73.0
2580,Evil Twin,332,332,1,-89.0
2582,Evil Twin,1622,1622,1,-80.0
2584,Evil Twin,1758,1758,1,-81.0
2586,Evil Twin,2557,2557,1,-81.0
2588,Evil Twin,1864,1864,1,-79.0
2590,Evil Twin,3242,3242,1,-54.0
2592,Evil Twin,3876,3876,1,-81.0
2594,Rogue SSID,4144,4144,1,-74.0
2596,Evil Twin,4260,4260,1,-72.0
2598,Evil Twin,4648,4648,1,-66.0
2600,Evil Twin,4723,4744,2,-79.5
2602,Evil Twin,5257,5257,1,-67.0
2604,Evil Twin,5992,5992,1,-49.0
2606,Rogue SSID,6260,6260,1,-42.0
2608,Evil Twin,8814,8814,1,-46.0
2610,Evil Twin,9050,9050,1,-37.0
2612,Rogue SSID,9522,9522,1,-31.0
2614,Rogue SSID,9718,9718,1,-48.0
2616,Evil Twin,11111,11111,1,-54.0
2618,Evil Twin,3416,3416,1,-66.0
2620,Evil Twin,3514,3514,1,-66.0
2622,Rogue SSID,3714,3714,1,-66.0
2624,Evil Twin,3930,3930,1,-90.0
2626,Evil Twin,4088,4088,1,-81.0
2628,Evil Twin,4165,4165,1,-89.0
2630,Evil Twin,4402,4402,1,-84.0
2632,Evil Twin,5229,5229,1,-89.0
2634,Evil Twin,11190,11190,1,-69.0
2636,Rogue SSID,11276,11276,1,-68.0
2638,Distributional Outlier,643,2079,4,-98.8
2640,Rogue SSID,754,754,1,-86.0
2642,Rogue SSID,6428,6428,1,-80.0
2644,Evil Twin,230,230,1,-73.0
2646,Rogue SSID,615,615,1,-65.0
2648,Evil Twin,672,672,1,-65.0
2650,Rogue SSID,2043,2043,1,-72.0
2652,Evil Twin,2149,2149,1,-64.0
2654,Evil Twin,3102,3102,1,-66.0
2656,Evil Twin,3150,3150,1,-66.0
2658,Rogue SSID,4219,4219,1,-82.0
2660,Distributional Outlier,4353,9574,266,-93.6
2662,Evil Twin,9831,9831,1,-81.0
2664,Rogue SSID,10013,10013,1,-80.0
2666,Rogue SSID,10676,10676,1,-77.0
2668,Evil Twin,10684,10684,1,-74.0
2670,Evil Twin,10711,10711,1,-78.0
2672,Evil Twin,11023,11023,1,-75.0
