PC1,PC2,Label
-1.9601932847471597,-0.4477582931537176,Normal
1.2768780210951158,0.37396717360570153,Normal
0.786002885587602,-1.0153843941485197,Normal
0.07130562536170854,-0.6443000773618364,Normal
-0.268382037307697,1.0009667741458264,Normal
-1.4529897929379876,0.5147889450334024,Normal
1.3362494817797597,-0.4911780904260039,Normal
0.5005168009055837,0.007773890004007154,Normal
-0.5119958936369531,0.4812892662244104,Normal
0.001694394814824732,-0.06061040935447745,Normal
-0.26256518970417275,-0.394339904356086,Normal
-2.6285579341506837,-0.3106689852982254,Normal
-0.6632397622035979,0.5954507614670982,Normal
-0.2987396788944029,-0.8503076933029647,Normal
2.0534885519288713,0.15065795503255885,Anomalous
1.800570647303711,-0.19597401105035847,Normal
1.770717114602781,-0.19166963625993103,Normal
1.4437902684956212,0.9253459878153416,Normal
0.07746976511656894,0.6928101335029081,Normal
-0.6202311285820178,1.027947582971993,Normal
0.833054081576965,0.5398655337499529,Normal
0.5582936282109126,-0.8443277621906596,Normal
1.6922477126693505,0.17195237207627478,Normal
-0.4006940924864809,-1.224955747848305,Normal
-0.3467045142119971,-0.7895690926630798,Normal
0.1422030468473452,-0.5979100552483708,Normal
-0.0011339480073004511,0.17899825994123714,Normal
-0.5423057705485367,0.7409051035442068,Normal
2.798088836958458,1.3180692506385145,Normal
1.5169575899088406,-0.36902935289329725,Normal
-0.9168132941924932,-0.1780429250022663,Normal
0.6312146737684419,0.8904771610316974,Normal
1.4576756057710596,0.5965202625641411,Normal
1.3691071798217334,-0.0018933790839444791,Normal
0.5026106472549108,0.8144766576869764,Normal
0.639138259444928,-3.9199349905413166,Normal
1.1431810016681325,0.6586492740206161,Normal
1.32489725774534,-0.4805217164976057,Normal
-0.6986531408960578,-0.09091773649692104,Normal
0.021604415330311495,-0.32087273572258174,Normal
0.05019867271349773,-0.2725586309281769,Normal
-2.050222699682725,-0.06800869069022882,Normal
-1.0179427361495994,-0.12025810609283295,Normal
0.4381952401585789,-0.7970086422195123,Normal
0.32330484244169067,-0.5137027317512662,Normal
2.2395412302967355,-0.6336910766478667,Normal
1.2833382549035846,0.15714567061770984,Normal
1.0748890957523607,0.7463942859437074,Normal
-1.4658842223022432,-0.5845441343951496,Normal
-0.38045883016751125,-0.22763742836660447,Normal
-0.053584353001141706,-0.9982769007660133,Normal
0.051655872101129326,0.31392329240894384,Normal
-0.0540020217919875,-0.17030700976327143,Normal
-0.46849159804953994,0.7318690566016894,Normal
1.1041674912622919,-0.0918054421202203,Normal
-0.3290993016323167,0.6862037431376006,Normal
-2.0153777065626954,0.3184627639136678,Normal
0.5547601635650093,1.1572438133006782,Normal
0.013599839871767733,-0.8719072605253261,Normal
1.3763058679979954,-1.4753315663871944,Anomalous
1.4711922037964031,-0.2122738630183487,Normal
0.6293917612332242,0.15054740184190532,Anomalous
1.8260773100692504,-0.11423128958844164,Normal
0.36539180711787156,1.4398365686579135,Normal
-1.3906020548273692,-0.18666026737180164,Normal
0.7511829990231417,-0.06572543310909787,Normal
-0.1379323951639881,0.6171290720430199,Normal
-0.23541830910220907,-0.8399939685078999,Normal
-0.41315256480414286,0.6250171479999833,Normal
1.7396553597192637,-0.48597606236634816,Normal
1.8666721405825903,-0.6343577944424355,Normal
-1.5176595224411842,-0.8222669227582301,Normal
0.8658761909644463,1.5577207978322405,Normal
1.6996044729935524,1.1507717594372193,Normal
0.5072205514827605,-0.03678682599070021,Normal
4.564219336206037,-0.28468346882284135,Normal
-2.4030145209400873,-0.46048058649620077,Normal
-0.876651809157925,0.38163812722798274,Normal
0.7695199322958651,-0.24916734768715834,Normal
-0.4382879788262825,0.3995949629869025,Normal
-1.115783731199168,-0.8572171874560293,Normal
1.6209134961130571,-1.2346556591188205,Normal
-5.8613152547783605,-1.3171857678840797,Anomalous
-0.8579887733492357,0.5993711207983841,Normal
-0.19213992665412669,-0.41066883679847044,Normal
-1.6964821410612905,-0.34720454781700005,Normal
-0.11250089010102701,0.646099297187864,Normal
0.7963165593967629,0.39777284439547184,Normal
-0.02637741813222494,1.5511720298400569,Normal
-1.3907420113683795,-0.40510625504402875,Normal
-0.5094795991460467,-0.2677957299942112,Normal
-0.7070030934504937,-0.5959922188855128,Normal
0.22769115269417933,0.6452598392449826,Normal
0.11616828102310331,0.46180020976208086,Normal
-0.3587579128170082,0.29144206249160964,Normal
-0.5401859166835984,0.15698516992326214,Normal
-2.149563462975285,0.04475539586708203,Normal
-0.6958250158204149,0.5187280086346795,Normal
-1.1493202220471492,-0.8042116604782649,Normal
-0.39386907591299963,0.8984792136972423,Normal
3.607647830465732,0.0896318048487436,Normal
0.5819471570883018,0.061137364452350004,Normal
2.7024101439776227,1.5446812790878357,Normal
-1.0640033837472558,0.3708087285315961,Normal
1.1916643819797899,0.14107612524115778,Normal
-0.5375132001498723,-0.227447450757314,Normal
2.5368678943978993,-1.1880986319007794,Normal
-0.5966023635650979,0.16897988756340168,Normal
0.7634055173503218,0.057285499904162845,Normal
-0.6820417424527607,1.639242966941169,Normal
1.3124287003884316,0.3943256005000514,Normal
1.0449730580376795,0.10800830670111451,Anomalous
-1.020779009763721,-0.7984089964453418,Normal
-2.2067804862955116,0.44838295683945767,Normal
0.8363600607921553,0.6306977745993638,Normal
1.278276480532302,0.9386025729030295,Normal
1.1526341071400168,0.4547350885611238,Normal
-1.2474665864226868,0.15471118025921138,Normal
-0.44110159247321507,-0.7181395169854328,Normal
0.7283811757278496,-0.6866015486833724,Normal
0.0821093884584913,0.5804076381587737,Normal
0.11565215297415979,1.2604680305304115,Normal
-0.10057553809630046,-0.8925794043740314,Normal
1.8600470640352815,-0.6870338004384606,Normal
-1.2015721278654308,0.6719315839354371,Normal
1.5686218082989862,0.3328806092387953,Normal
-0.09704699892426516,-0.5226975868177209,Normal
3.1011012560453146,0.27099528689827584,Normal
-0.28451764816756314,-0.2992823308871391,Normal
0.7638389196231321,-1.0906989594268754,Normal
0.1874611441690828,-0.054627688050327375,Normal
-0.5099143544348741,-0.01771864216452491,Normal
-0.3437384279581986,-0.37609886343735943,Normal
0.08292544133738422,0.31909006692483166,Normal
1.7549592184336293,-0.001003468631349294,Normal
0.011352797660906768,-0.02539760247361565,Normal
-0.8176874362542466,0.10623162732784622,Normal
-1.394743329854987,-0.3625504148333394,Normal
-1.2180112181030824,-0.4207651448725995,Normal
-1.643351630022978,0.21455500664582045,Normal
0.1097662509246772,0.08990232599235827,Normal
0.6729853271050465,-0.47896966757102827,Normal
-0.25360867024371647,-0.5930845581288101,Normal
0.9075104238841616,-0.6348804506768219,Normal
0.3428617762386564,-0.5929924794583789,Normal
1.7367707535625045,-0.13738999474326427,Normal
-0.418363404924517,0.1936891553863071,Normal
-0.31302485315477946,0.5129638532371417,Normal
0.4990811886155704,1.3865503541673563,Normal
1.0490304423844146,-0.7118074162219937,Normal
1.4731131627672356,-0.7382935470306614,Normal
0.851768877942334,-0.5191994857056029,Normal
0.6181998317250976,0.8021130952460991,Normal
-0.8366699371317905,0.10772750341804321,Normal
-1.1939009912914713,-0.15256103780136754,Normal
1.3971843969816418,-0.12611666961025714,Normal
0.6908725982003601,1.0054003112335628,Normal
1.4202310893390742,-0.0485978984992512,Normal
-2.09842416974291,0.17700944987097936,Normal
0.6633544141186105,1.0406477941506076,Normal
-2.330205180943881,0.8238384166239795,Normal
-0.8488919945501169,-0.11093338966596969,Normal
-0.11372526233011049,-0.15553178234152487,Normal
-1.3247474987370658,0.6525558860915273,Normal
-1.246754583703234,0.39611920734917444,Normal
-0.4835562276055701,-0.7533325129017211,Normal
1.9986400111702147,0.13019285922173318,Normal
0.799650267311762,0.9847494017801017,Normal
2.6593544112749226,0.36764047938852024,Normal
1.2917025842452963,-0.3788531698583506,Normal
-0.6212534978488763,0.416981928146573,Normal
-0.6446481744874609,-0.03349658474072181,Normal
0.49125405887911067,-0.7524962070689417,Normal
2.5610016991656837,-3.3962251778870014,Normal
1.9391836329137686,-0.22396050290989342,Normal
1.3178924818586417,0.9769398968198516,Normal
1.4645474863043937,-0.4396180976398893,Normal
-0.3656088389840077,2.1026407659253192,Normal
-0.9766305470686618,-2.2034442357574617,Normal
-1.0683411095005937,1.1745362829211574,Normal
1.5733428057492918,-0.26041255375909805,Normal
-2.2589636334527174,-0.06466382369440879,Normal
0.4190612493504221,1.1595566494982104,Normal
0.049020506410323066,-0.6864072996723427,Normal
0.4163191788104785,-3.177817095768156,Normal
1.5534984560233063,1.8203451850909562,Normal
-0.23737680208461306,-0.3527191915164334,Normal
-1.0380242679612408,-3.624479242403395,Normal
-0.34150725617876665,3.295434758524443,Normal
-0.46207972966514094,0.1616986625950879,Normal
-2.37880686005013,0.2951097030281726,Normal
2.664452921280001,-0.0641266278698561,Normal
-0.3469404652405404,-4.407393249403583,Normal
-1.1363483836842854,0.09179242025904262,Normal
-0.3543805287690481,-1.288098768590785,Normal
0.7229799910347404,4.094507107887386,Normal
-0.5631975490077245,0.04353424736995953,Normal
-0.8556035744252843,0.5342928737650519,Normal
1.3358738213430554,1.1248288639589696,Normal
0.6834626691974391,-0.9838744041195688,Normal
-0.8647910278896956,-0.5581642646262645,Normal
0.34495429587438736,-0.6494820865999111,Normal
2.392051228367207,-0.42184334035284426,Normal
0.3897255350416838,0.6319577324236375,Normal
0.7553464753385211,-0.23228668171374747,Normal
-0.6063619460871675,-0.6214053796314926,Normal
-1.0867447011950768,-0.32170075976930135,Normal
1.6043386611988215,1.6518418501460534,Normal
0.22288335226300657,0.2483073751865874,Normal
1.1166388994763996,0.574255853898041,Normal
0.4913482262718772,-0.11942888801910849,Normal
-0.48803268013106904,0.3924156823433917,Normal
-1.3534289384825744,0.35617084475127403,Normal
1.5382971599077655,-0.776489405241483,Normal
-0.11736159443184824,-0.4578128783233013,Normal
-1.3150675464840744,-0.6949559054709257,Normal
1.6091801693326306,0.40883712603192984,Normal
-0.12074715841182612,-0.053134989319525386,Normal
0.26809946669199325,0.46796260227549846,Normal
0.42061549613940036,0.9694648100115517,Normal
0.5126321776992896,1.851772915797475,Normal
0.689628887300741,1.1568938145929706,Anomalous
-1.329507276460681,-0.729948326884503,Normal
-5.814504822438541,-1.042384422447646,Anomalous
-1.7799836413204024,0.3326662536740009,Normal
1.1067077824064415,1.5280975724011459,Normal
-0.6381528216043,-1.6187108299508473,Normal
1.4599251406976097,-0.061652736347597825,Normal
-1.114697591446085,1.6096058381930478,Normal
1.2374908129273703,0.9042255244032009,Normal
0.6114094055977488,2.133166962928326,Normal
-1.5480888001379856,-0.8616353247048728,Normal
0.27023772974026045,0.7541123840250665,Anomalous
2.040631629073205,0.9510069749201373,Normal
0.7531892210685932,-0.679288909341792,Normal
1.474488576232733,-0.6325799130675099,Normal
1.6320976394029063,0.5284619983379778,Normal
-0.7994698330773383,-0.6287734507046358,Normal
-1.1838802801810882,-0.0988320383590492,Normal
1.2245812622833296,1.0753906440357606,Normal
1.130490595353117,1.1571265915493978,Normal
1.7268080089481357,-1.103028272324919,Normal
0.27397932904528094,0.34881073513909755,Normal
0.4870364432529626,-0.21987735894921567,Normal
0.5808924909008734,-0.4609280659552475,Normal
-0.8658996976531829,0.12643609857070523,Anomalous
-3.142104498720039,0.0897970787424109,Normal
-3.5837543903564772,0.135512122812162,Normal
-2.4664878077871335,-0.024968147463180653,Normal
2.0378714612369904,-0.06949912082801564,Anomalous
1.8345760873082675,0.17449933595520137,Normal
-1.5575146792075576,0.35687445383533317,Normal
-1.083481982796268,-0.5354456620188516,Normal
-1.0700046701663133,0.267562746164812,Normal
0.08835451760107935,-0.3318184930547142,Normal
1.2311043535191828,0.1957653030286031,Normal
1.9340430997078224,-0.7234649150765073,Normal
-0.022242180981662224,-2.939528978788556,Normal
-2.8105459402762625,-0.11560050833406195,Normal
0.7748751447969701,-1.427573708134993,Normal
-0.25044329584973357,0.655744834776327,Normal
-0.32237069578718686,0.2121371702537212,Normal
1.4904014961068965,0.15062351634336232,Normal
-3.888381798671505,0.009259702480418255,Anomalous
0.9971454305605815,0.39389400187057083,Normal
-0.30925160873272656,0.1173765493678785,Normal
2.3186099670073452,-0.28391906914738685,Normal
0.3175098922569987,-0.7370416123828015,Normal
0.615645983871928,-0.23065837808325437,Normal
-1.151879669994054,-0.2479255585632619,Normal
1.7822510880990976,0.07922404481833689,Normal
0.9104676442107075,1.138022555570849,Normal
-0.15553815659126824,1.1165697857480212,Normal
0.04272288270646797,-0.887112127454811,Normal
0.24983781559535534,-0.2781470519932069,Normal
1.3080900874643004,0.30363501627338113,Normal
-0.0443342692218904,0.19477716802730705,Normal
-1.224970455846201,-0.7116447825910673,Normal
-1.5227798294683417,-0.402425941087692,Normal
0.2802479667603526,-1.0435338812490682,Normal
0.17552030614431172,-0.11221292990120328,Normal
-1.381036935384595,-0.5007372660426943,Normal
1.9260087726385349,-0.41353430225122517,Normal
0.6423779900510271,-0.1698239044911553,Normal
1.802391718695026,-0.5894184133342818,Normal
-0.6970311231806506,0.0661045551594064,Normal
0.6262890952744158,-0.20625830433770664,Normal
1.2187162251129227,0.4367296336521345,Normal
0.7099317304914169,0.1793126029276415,Normal
2.194145082120176,-0.7618439476806987,Normal
0.11953363675312959,-0.21700079541091535,Normal
0.9917354932636478,-0.086858148858347,Normal
1.3343498124198492,-0.5211790780261761,Normal
-1.1119240042211445,0.18841052116992235,Normal
-1.2691118239252999,-0.2890489952908434,Normal
1.5874404490364977,0.08232989902583333,Normal
-0.14266162339713123,-0.7257479000237312,Normal
-0.19948762971039144,-0.11372144572183732,Normal
0.2972721360407786,0.2817537147455871,Normal
-1.1641115369098607,0.14726272019558964,Normal
1.0930432087925495,0.46448757246235206,Normal
1.7430910443786793,-0.37560390238751284,Normal
1.2650946103393654,1.371205991997496,Normal
2.1607191951613522,0.1368991465440447,Normal
-0.5768716843421344,0.4040520444100514,Normal
-1.310035690225842,-0.07289080720557657,Normal
1.1409236457857748,-0.7059398383078357,Normal
-1.426895274418388,-1.1211974873614452,Normal
-1.1508206841121393,-0.6923729726251847,Normal
0.7679426947842609,-0.08392202653377243,Normal
-0.7383594509024506,0.6283953537658309,Normal
1.2263041950604834,0.6115200968499784,Normal
-1.3941821407272266,0.13790625033718273,Normal
0.3450758255514592,1.4357630926278024,Normal
1.2879847706970595,0.3640537805926326,Normal
1.2925938006270083,0.4792955717877653,Normal
0.9928573349172267,1.2796992244790442,Normal
1.321017778980235,-1.339434693670915,Normal
0.804395056146663,0.507820083529698,Normal
0.19886945226858618,1.601776820610841,Normal
-1.2008117450039169,-0.8370628818513545,Normal
0.10394739388832408,0.4881070720955309,Normal
0.39616381761554664,0.30973381248804144,Normal
-1.3607242581068921,0.20786616626781038,Normal
-1.6497238497151798,0.5799187474831631,Normal
-0.6805363562363241,-0.3133765649147977,Normal
1.4613064689788378,2.2111823024592643,Normal
-0.6099374285199315,0.5949226781586662,Normal
0.7734172870835438,0.47099160277750246,Normal
-1.2220087898192284,-0.7760421580858422,Normal
-1.3022821049770317,0.03350037518241654,Normal
-1.1393683406883388,0.3525965233939168,Normal
-0.35876901802186867,1.7392479738148487,Normal
0.9650489762949529,-0.3469563081530103,Normal
0.560452437291401,-0.6152802115179054,Normal
-1.2408268536787752,-0.2349542732114113,Normal
-1.6019749030195245,-0.33728674310782414,Normal
1.641826346995527,-0.6978133330237279,Normal
-0.8572488614211317,-1.242346716262463,Normal
-1.9074920133798459,-0.08510192492828572,Normal
0.3389497559779869,-0.5549313660059298,Normal
-2.0344783278104495,-0.45295617073409283,Normal
0.003307716968316432,-1.353835879339692,Normal
1.4062067365578401,-0.9269181640741812,Normal
0.8825421622145035,1.1168034656784902,Anomalous
2.1366774810055675,-0.18295927867128386,Normal
1.471118968505341,0.13707019393957662,Normal
0.9500097841204829,1.2924022517553904,Normal
-2.272064207950592,-0.33404810731436474,Normal
-2.0304819694824463,-0.23723208990770125,Anomalous
1.210396487576572,1.1932684860359397,Normal
0.22755086324714482,1.0103100581952822,Normal
1.178497853225289,0.13359122243400973,Normal
-1.228422175455522,0.8659446987680176,Normal
0.3339327804388718,-0.025125510947341955,Normal
0.30512305850960725,-1.4292325131182513,Normal
-0.530234592643058,-0.08019373725705002,Normal
1.6938022731130347,2.6290741187465665,Normal
-1.5929847627932132,0.47522270604480704,Normal
-0.2576873750480494,0.26218513637265645,Normal
0.34165587966139155,0.9330742621098822,Normal
1.347889877435981,-0.572013847938748,Normal
-0.29277819400169053,-0.14290263409210305,Normal
1.1453044640825685,-0.7780420051097582,Normal
-2.6048780247685066,0.07038704556509304,Normal
0.037076192191496785,0.8903981731944266,Normal
0.10336787347026649,0.5263755488446171,Normal
-0.3560113070634528,0.11700432737338506,Normal
-0.5054028549943564,-0.22660151918612476,Normal
0.22192822988067124,-1.3932696057275027,Normal
-1.211658352864844,-1.706605995756716,Normal
-0.24982341375424494,0.03401588565616976,Normal
-0.5407175149214294,0.2733511467981636,Normal
0.28773365635395415,2.3967479901669635,Normal
-3.8460728718459367,-0.027565116488849857,Normal
-0.2910044034869818,-0.3136658831841023,Normal
1.0736034523437672,0.3673412746370233,Normal
1.3967086451885806,-1.27193881906474,Normal
0.389070077242302,0.3603408772119434,Normal
1.0476453363011748,0.9358209271943775,Normal
1.0439323174756014,-1.0860919882981415,Normal
1.943021398860795,-0.2734849792944216,Normal
-1.1212744715706031,-0.4978474296336112,Normal
-0.9628194567586326,1.9358942622140716,Normal
-0.15348331570024412,0.13307880043223308,Normal
-0.8629868385581818,-0.6600134532449953,Normal
0.6297203011610886,0.5196525573238092,Normal
1.0455198406514195,0.8540479649394717,Normal
0.4327187358730346,-0.7076047835551641,Normal
1.092246470183759,-0.20155415615902325,Normal
-0.061792159769829914,-0.3324969912827103,Normal
0.28269242939447464,1.606390402259633,Normal
-2.4046838354223277,0.2067280939738153,Normal
-0.749679613513227,-0.377318347637592,Normal
-0.07274505995872185,-0.1933896977588798,Normal
0.2602771169909442,-0.24592965001590064,Normal
-1.982722289437196,0.6927477191397396,Normal
-0.03551391542165407,0.4760947378936186,Normal
-0.03559004108875101,-0.239598645095466,Normal
-0.7948720788921039,2.128661366934872,Normal
-0.5423583929347042,0.37537903082852414,Normal
-2.1755085576057134,0.0063124841034597565,Normal
-0.7207971337471386,-0.8008183993498198,Normal
0.5718611350438052,1.5564800635130926,Normal
1.2717041591257225,-1.1992318863788798,Normal
1.4603641291308018,-0.9106713748977148,Normal
0.45995588505310736,0.39335471898406865,Normal
-0.7404734490255792,0.5132001112407543,Normal
0.901655791274558,-0.33490464325333913,Normal
-1.1656840776729236,0.1275048515752173,Normal
-0.5590346923070474,-1.0184895988758407,Normal
0.2374927134779312,-0.7887007757840439,Normal
0.24599347280317418,0.2392131450806005,Normal
-1.144196050414262,0.7447974681665362,Normal
0.6867364587626763,0.015190849871418895,Normal
2.381964642158645,0.3433777262516011,Normal
0.12504479965680285,-0.4226044833734041,Normal
-2.2126283206989767,-0.4078771952184671,Normal
-0.6359530109959489,1.0860357105531446,Normal
-0.20055183427359086,-0.901021646458432,Normal
1.1815837951258574,0.08032812169529492,Normal
-1.2021509013796448,-0.15132379573983512,Normal
-0.30535198619860937,1.9005637555926158,Normal
1.1701584529671623,1.7203376917799493,Normal
0.5298047682319815,-0.5059325446635389,Normal
1.6200131144019017,0.6425151014944355,Normal
0.3800783659065642,0.056444243353175064,Normal
0.20014131574077587,0.8033821982150807,Normal
0.14747950518879427,1.4905463474175054,Normal
0.059938281720442306,-0.9951127211755527,Normal
1.187096435732048,-0.03987948548815044,Normal
-1.4292543575308214,-0.00867436143915782,Normal
-0.1407095914148416,0.3466556148355042,Normal
-1.0823910579488487,0.9343283260815359,Normal
0.13845004560791666,-0.0033645518117705942,Normal
1.2375496020367627,1.084088925473731,Normal
-0.8302664603610983,-0.10398124789146834,Normal
0.35963829078312975,-0.7188424771935222,Normal
0.41595899607919007,1.6814696954350876,Normal
0.9832327611448113,0.049853963845216606,Normal
-1.3021640494537865,-0.08361600625718564,Normal
3.190277823759296,0.09066409958859763,Normal
-0.41693175937212407,0.7206080729003459,Normal
-0.05667093412369647,1.2606511444795203,Normal
0.8386031982197518,-0.488825996236784,Normal
2.95748226083255,-0.026229678430695347,Normal
1.8241161367305763,-0.3129662196428472,Normal
-3.5526796865039656,-0.5313050914587111,Normal
0.35062875876248534,2.632692954312924,Normal
0.10707857565360734,1.913574842780438,Normal
-0.062184238181031394,0.5594522738378154,Normal
0.8631656323266501,-0.8022691493194696,Normal
-0.2763270633736181,-0.4672625467081251,Normal
2.7583232326990736,-2.098125343016009,Normal
-1.0809687453535375,-0.14833118487210933,Normal
1.3503820982578054,-0.37900745754469706,Normal
0.6994385526425483,1.3393565298637968,Normal
1.1354377965838094,0.8743194421315202,Normal
-2.557431333972848,-0.4494885964088318,Normal
1.0655968097399742,1.2523010882182553,Normal
-1.235372245745079,-1.154970860284668,Normal
0.12788241396634373,0.44714590814424554,Normal
-1.2971309105610125,1.3473298038125299,Normal
-0.9294541578855153,-0.3499702461039907,Normal
1.0744643418603228,0.7392001270573385,Normal
1.1875973628256238,-2.2757352927913135,Normal
-1.0122210468093404,0.5524524206453333,Normal
2.4216734493104277,-3.1985609698561848,Normal
1.1633639150039843,-0.5719735121477361,Normal
-0.49885871360490613,1.1961264562120444,Normal
-2.171635860032751,0.9701132266357003,Normal
0.15797748051875132,-0.9889742362074232,Normal
-1.5012360464926031,1.2667056659345208,Normal
0.34578280503944026,0.13234920685221935,Normal
-0.7737682453104244,0.36236724274815935,Normal
-0.7855157912539694,-0.6811723709217005,Normal
-1.7368413407542191,0.1612290087579488,Normal
-1.2652318333584938,-1.1129431097351934,Normal
-0.48829580431484165,0.06843726054638032,Normal
0.5926929975725187,-0.10276167757469039,Normal
-1.7815283968285487,0.6205406788923484,Normal
1.0155341527989121,-0.15326527093511513,Normal
-1.1755557446973564,0.05245935323730324,Normal
-1.341528930631953,-0.5109004842888697,Normal
-1.6873312941916507,-0.6526467909355257,Normal
-2.0607101124769964,-0.29955086892565425,Normal
1.7260957434106203,1.2527158202258328,Normal
-1.0417690098065027,-0.4368761061003387,Normal
-1.1911967965387333,-1.3467864106516794,Normal
1.515722331599792,0.5679981048355918,Normal
-0.8737059649616139,0.0577036016965105,Normal
-0.3063151746590196,-1.24253119556544,Normal
-1.5940806323279217,-0.4986240125971964,Normal
0.6032764565469927,0.5143686380588449,Normal
3.249241619210574,-1.0801661725450629,Normal
-1.0573362683106682,-0.5449628316830033,Normal
-1.1178950171058364,0.9736033566332551,Normal
0.14133967567450909,0.7386853526916343,Normal
1.776204155567088,-0.6702395332916694,Normal
0.5163886153746339,-0.4602163399389052,Normal
0.2506479556878709,0.49771205458087037,Normal
1.5931794957337742,-1.3005251470687962,Normal
-0.21311049483388325,0.680526162118512,Normal
-0.0012458483658060078,-0.17930740143649507,Normal
0.8313406504354195,2.8713395041142715,Normal
0.176204204928484,-0.17184352157743932,Normal
0.2555433508363333,-0.6396844944883852,Normal
1.8180216556413862,-0.9924999359886411,Normal
-0.2977270182344159,0.942988531860944,Normal
-0.7893428861703645,-0.6890416518727663,Normal
0.7139732257670811,-0.17279925121517156,Normal
-1.2151519679537641,-0.5793635121284813,Normal
0.8319650553036497,0.1379123130205991,Normal
-0.6944884064602694,1.4471760782018455,Normal
-0.9916692656437511,-0.5181527544476194,Normal
1.2118014794273313,-0.49252934339653676,Normal
-1.6346577327362533,0.6769420614833254,Normal
0.17386249428309478,-1.0843780127808902,Normal
0.8789753941834412,-1.4855972981366496,Normal
0.15280548941347644,-0.27165740554417167,Normal
0.3247597869547764,0.526850515192929,Normal
1.1929417412428223,-0.219297779168078,Normal
-0.4128316360729682,0.48476024269541357,Normal
-0.4633116445908967,0.7048252093427726,Normal
2.721749322688754,0.8197836113986181,Normal
0.8419085989210388,0.6790670982154403,Normal
0.03809895304440757,-0.5150350516584702,Normal
-1.5828945031266584,-0.13442856496322933,Normal
1.7347221672163904,0.8628887911635367,Normal
-0.45391061814011785,-0.562808394058805,Normal
-0.5303628252957121,0.5480283160922533,Normal
0.9214225675872129,0.0549943666108356,Normal
0.7701945284525239,1.7531098421273632,Normal
-1.3681802945603068,0.18997338065190428,Normal
-0.3252458491309011,1.1733596142498022,Normal
0.6431718416950405,0.3632217846494206,Normal
0.09762698510919796,-3.0672656013685486,Normal
1.9573625088631736,-0.9779436101525476,Normal
-1.0786082721077304,-0.8298724078446056,Normal
-0.9362714033680051,-0.13494864245372942,Normal
-0.9237590617582483,-0.6727067953529404,Normal
0.8406269935349888,-0.9668356298342777,Normal
1.0834631379558037,0.30206324899046,Normal
-2.8391712820094774,-0.0038033161354134866,Normal
0.2594310164272306,-0.20868257367171933,Normal
0.20957374450461477,-3.2189876486023454,Normal
1.9432465993652397,0.28494192868492424,Anomalous
-0.686503003363842,-0.5303509267139069,Normal
-0.3586089643775473,-0.22742953655084416,Normal
1.6311147176687328,0.11149642247612838,Normal
2.5999194818233655,-1.0443566087092486,Normal
2.2614635525291944,-0.5559310077507834,Normal
0.6445716882118547,0.8523893803041995,Normal
-1.6333640037106723,-0.04020235496325137,Normal
-2.3293299462895476,0.5180592106338455,Normal
-1.4146318083068448,-0.15269440502116494,Normal
1.9444362103530752,1.183830507278144,Normal
1.2013692463110743,1.8099717235409845,Normal
-2.8792411775941815,0.02404033328675268,Normal
0.45084023172812565,0.04054962483668299,Normal
0.6434142835375202,-0.4875934017768119,Normal
-0.5760825576939639,-1.1824107334417164,Normal
-0.3428535905657079,-1.3029727571775473,Normal
-0.35610101529969296,1.0933246982400988,Normal
0.6773652952253116,0.5195770444652846,Normal
0.12845441719072123,0.9128979249724691,Normal
1.6890223124615031,-0.0279812887538844,Normal
-0.6986531408960742,-0.09091773649693459,Normal
-1.1233655753183673,3.051738079801328,Normal
-0.4623493044153239,0.001818414510856299,Normal
-0.6106796494197325,-0.20845433478047792,Normal
1.2688865284265531,-0.41369561994835935,Normal
2.910937916367921,-0.7778243433999764,Normal
0.20867190916204287,1.5648546291506256,Normal
0.6751416462804442,0.4900158295848081,Normal
-1.6964821410612914,-0.34720454781700083,Normal
2.706267562919901,0.2894400750945838,Normal
-1.0809687453535393,-0.14833118487211078,Normal
1.1012675185296215,-0.2976577423491032,Normal
-0.8251883828396727,-4.780885604332611,Normal
1.3998286974414222,-0.3588658147666597,Normal
-0.9417528220878228,0.33704581010537454,Normal
1.4936083794222734,1.299612088999653,Normal
-1.3082347058003285,-0.616096744495693,Normal
-0.20851299722416927,-1.3104226268958312,Normal
-0.49828957993538864,-1.4547292377820424,Normal
-1.3175083257863505,-0.11376095348567074,Normal
-1.1671990394490808,-2.3073196652871597,Normal
-2.011613126197512,0.40565851247599527,Normal
0.06935968776119564,0.35044214521099043,Normal
-1.6881401858089007,0.008938744114185508,Normal
0.4026668475136411,-0.2847039658808157,Normal
-1.9775245216206419,-0.3575089434939343,Normal
-0.11080615960223617,0.27785271840930115,Normal
1.5714499429259772,-0.5753517394448211,Normal
-4.876591310774809,-1.055609840428156,Normal
1.0473183981697332,-0.42135645397378246,Normal
1.8406380238431461,0.2394621663620752,Normal
0.5419377826933507,-1.6148135254992342,Normal
-0.7857093634503068,-2.179197115324846,Normal
-1.1802666095163576,0.556909239364266,Normal
-0.7239156382364798,0.14279827840863663,Normal
1.5056715911347185,0.0727676210095962,Normal
1.0323736164640098,-0.6021869397746793,Normal
-0.398791188831718,0.9071430994638745,Normal
1.6060348157183966,1.562306019186458,Normal
-1.1255843090173423,0.5006381961649875,Normal
0.13813461409935213,0.8004846475472741,Normal
0.2158583800624188,1.6138149099700632,Normal
-1.3690159691546102,-1.0003004223999123,Normal
0.1437785662758633,0.598959288875185,Normal
0.325285714116853,1.638907259669065,Normal
-1.0107454220164744,1.159097002904909,Normal
-1.392330428736648,-0.7857952201568064,Normal
0.180497633925039,2.5573324215310547,Normal
0.8430412694330864,0.008902992693167607,Normal
0.5179004227048288,1.0619823582441468,Normal
0.01429710758632064,0.9650167850503055,Normal
1.1309483441105685,0.13947294701261895,Normal
-1.5420325102760095,-0.13769148223375646,Normal
-0.10301195291480636,-2.575906061060387,Normal
-1.3063383443700942,-1.1006118797185056,Normal
1.598573047390657,0.5346419568073999,Anomalous
-1.038672030023311,-1.0273054172584897,Normal
0.7660449881517895,0.3157625482358367,Normal
-0.9127472918968073,-0.03723364161730905,Normal
-0.6059745495541665,0.14257462543317176,Normal
0.8469640123184181,0.8006160549836765,Normal
1.0736678907415096,0.15992397233717734,Normal
-1.3010690132444913,0.04658869496063148,Normal
-0.6772692822800751,1.2187121923646718,Normal
-1.2959925610757554,0.09154946476026364,Normal
0.17938649971084802,2.503393212297772,Normal
-1.297824907397334,-0.2232886890442554,Normal
0.6490551295142136,0.40277349165413223,Normal
0.1021852588224405,0.6702748530821295,Normal
1.0018386621506252,-1.2150917029801793,Normal
-0.4664780077909624,0.46834096470364195,Normal
-0.2539773256695155,2.3247258204657166,Anomalous
0.2865350938107916,-0.43808985543958834,Normal
-2.4079763273760064,0.009397895660691881,Normal
-1.040007517484492,0.5365514366122845,Normal
1.51555046126844,0.9355929334330496,Normal
-1.0760451971712865,-0.18279511997155473,Normal
0.3381868017250346,1.136654220356452,Normal
-0.15663454213682226,0.8634306766857355,Normal
1.9028809727803264,2.036136400067747,Normal
1.0848131800635772,-0.3589866654043559,Normal
-0.4026001801368432,-0.6061422539476644,Normal
0.39085176336264377,1.6475115858986964,Normal
0.435389637146438,-0.2638954096589863,Normal
0.47643233243299227,0.10895240344873006,Normal
0.44935579643437057,-1.8680966687051923,Normal
0.9927655243765847,-0.2425216386562753,Normal
0.7465115430628183,2.815969812320427,Normal
0.25322968551246766,0.5821423447014524,Normal
0.31430265457551726,0.247909175742228,Normal
1.9699762564754322,-0.7134210859402126,Normal
-0.307245871785029,0.11267574170988667,Normal
0.09270441787372158,-0.2749583759125798,Normal
0.05436279461064406,-0.3933168055681502,Normal
-0.2966667953952298,0.1554410936529049,Normal
0.7912392540677032,1.9864809176322245,Normal
0.4517619898112367,0.7568063950946383,Normal
-2.4774098911931848,0.2544213269166652,Anomalous
-1.5785046889400025,1.0359110934730738,Normal
0.28846901864973007,0.4947216339047619,Normal
0.12789047163649386,-0.045274940874204105,Normal
-0.5712067859896583,0.7109143756731534,Normal
1.131754317061984,-0.42594984808629227,Normal
1.1766647870899052,0.08912493360931097,Normal
-0.569363740051058,0.7846523784122862,Normal
0.43626789672456784,-2.6329914338831926,Normal
-0.6433651329813109,-1.044125474017526,Normal
-2.110902538448587,-0.46182990942341134,Normal
-0.17123172414118573,-0.4440199548974316,Normal
0.1677744552169688,1.8164315384280574,Normal
-0.295472890290588,-0.7510479961349797,Normal
-0.9090647250069704,0.25633331968046885,Normal
0.8727514251465959,0.12989568476950694,Normal
0.020756346140198896,-0.46405747177852014,Normal
2.522638735678089,0.7158393466531581,Normal
-1.0184901317554103,0.006280484552937443,Normal
-1.4441193219981383,-1.1823191131372859,Normal
0.006879930100660587,0.25419991756677657,Normal
1.1488535389855434,0.5150086726198017,Normal
0.5580452707996992,0.7709035487757776,Normal
0.2674263272672361,0.595914747887215,Normal
0.584990791211483,0.9301074366693981,Normal
-0.2719498106346684,-0.8766010226476086,Normal
-0.314567614797479,-0.47026667970127084,Normal
-0.8580437960416664,0.9023007473201318,Normal
0.6722123063416005,0.5205360225856148,Normal
-0.43080976557555,-2.2888710656936047,Normal
2.3177441241087147,-0.14184991694159524,Normal
-1.6204712594733404,-0.3409678365612046,Normal
-1.4573699649285146,-0.6396015628492778,Normal
1.6865013977506247,-0.46249520238371383,Normal
0.2974007225370224,0.5933806069712989,Normal
2.158890568751408,-0.7249556250051232,Normal
-0.6878269150949843,-0.31465587674045625,Normal
-0.08202274561601203,-0.17627381460651645,Normal
0.5185785810112,1.529987293376636,Normal
0.711367580476619,0.018479183186819816,Normal
-1.397360741360028,0.7216209831608121,Normal
-0.674472792626609,0.9838118180313085,Normal
0.7702751702704884,0.6560123145588251,Normal
-1.221658798430091,-1.559840043037934,Normal
-2.20438694033973,0.18320831435960966,Normal
-0.030711278926670853,-0.3699525512127545,Normal
0.737370266689922,-0.4719930886222911,Normal
-1.3121681260846787,-0.13547630581030767,Normal
-0.1267872543864532,-0.020830863365568175,Normal
0.26904280965207666,-0.9469389372349662,Normal
-1.723883768551238,-0.7170087375825005,Normal
1.3128375692365668,-0.783311976422415,Normal
0.21344390660908563,0.3799234408149484,Normal
-2.2993625162764815,-1.12212227593093,Normal
-0.6459618543874444,0.25135295545272013,Normal
0.1879432351641093,-0.6681625846709148,Normal
1.3941178567690728,0.003367256923535283,Anomalous
0.8242841188675052,0.8043716752682788,Normal
1.8466248650774146,-0.960548862473177,Normal
0.355690738890724,0.2543698145764999,Normal
0.03287314939640501,-1.4621712511824083,Normal
0.6025785407599897,-0.0793268502910744,Normal
0.015820003121743663,0.0861831701973233,Normal
1.0650097398293639,1.1714793849778404,Normal
2.7893532527822282,0.7376379929242317,Normal
0.4977217927729386,-0.9196854115135498,Normal
-0.9581348959903058,-0.15901028168816672,Normal
0.7984308382561498,1.561487651880783,Normal
-0.4108585901595052,0.3750277525211197,Anomalous
-3.0765327985456303,-0.3386551346926032,Normal
-0.43140878568674645,0.8182659398774054,Normal
-0.6528289396913693,0.47256574462021333,Normal
-2.356250502937303,-0.04445979800403378,Normal
1.554275474755292,-0.42796245001204514,Normal
0.6865269215940942,1.1605653177430317,Normal
-2.267357423111021,-0.21639021919311566,Normal
-1.2503753269454656,-0.49275536224330785,Normal
0.43037140726379536,0.865913520161328,Normal
0.3632929114926222,-0.31375787132793675,Normal
-0.3304498512524699,1.81911778096961,Normal
-0.823296983515939,0.1000889045341734,Normal
-2.494430177672121,-0.01568284560577091,Normal
2.5903516994272002,-1.1107293065472343,Normal
-1.4879898214337526,0.5169275353711813,Normal
0.5979799471132835,-0.3526137860791128,Normal
-1.6182853475897419,-0.20807796511888013,Normal
1.256829733127163,1.1736561646903927,Normal
1.0747963361246322,-0.20178078653321393,Normal
0.16348553509848857,-1.016797602252877,Normal
-1.2403058466687882,-0.6666288696484648,Normal
0.39686141951352516,-0.06386275714079268,Normal
0.5807461974268653,-0.594019684400789,Normal
-1.041471002111725,0.020105664715987407,Normal
-0.5555767488979492,0.9437454284053229,Normal
-1.7821397657694262,-0.49188263872131954,Normal
-1.1707180087933973,-0.4428436168491198,Normal
0.497715515692035,0.936809722038993,Normal
-0.7579572457604719,-0.6364585327661305,Normal
1.3878866688435727,-0.24939263476838588,Normal
0.5211079802865496,0.3601424015697878,Normal
-0.5810231358787266,-1.5174189868876853,Normal
0.09955296706803302,-0.41759700813202283,Normal
-0.29853667806296624,1.500745835202989,Normal
-0.6802969223807214,1.5597723976808826,Normal
-0.234736804602359,0.12295944771595191,Normal
-1.1470815372017509,-0.24169570869257684,Normal
2.3993379308671905,-2.3650795665132933,Normal
-0.6001439737371174,-0.4826754787521991,Normal
3.831164706258274,-3.1694021143795177,Normal
-1.0666789098859484,-0.1160536109334424,Normal
-1.0457035333460238,0.5535008496621195,Normal
-1.3582818317188305,0.4641910686740674,Normal
0.3821327336988841,-0.8967287791516532,Normal
-0.29907430117890743,0.04931129593043058,Normal
0.862017337237016,-0.2953034837821852,Normal
0.2939561172319769,1.0219874867760945,Normal
0.7755047985375181,-1.6367139332597003,Normal
0.49442242883992793,-0.9246201086256112,Normal
1.42399691127779,0.5718725552826104,Normal
0.0713319276857858,-0.2719574222929569,Normal
1.8284869798502263,-0.20628896488877616,Normal
-0.21846172408406156,-0.36872050922106575,Normal
0.17095695097032443,0.41169451019542325,Normal
1.4022573435422983,1.0394692151113982,Normal
-1.1330485258857697,0.21307767843941744,Normal
0.08657247319870368,-0.21730108322775704,Normal
-1.0614488262828814,-0.10318190671475967,Normal
0.8985520198869663,-0.5489780539844387,Normal
0.5544863298050745,-0.6450101138405666,Normal
-2.076658466952447,-0.7792483612488489,Normal
0.2389391970594795,0.20112635773838874,Normal
1.2014504212628565,-1.4704624466325007,Normal
-0.5567156280390035,0.27569823322291376,Normal
1.1926905553087834,2.8202909843017823,Normal
-1.5512852913357582,0.17783628391794346,Normal
1.652474161730036,1.1138366368159853,Normal
2.602631881715031,-0.37862421557556647,Normal
0.5923261589238891,-1.6830171443841746,Normal
-1.6565063242451785,-0.39282678977969987,Normal
0.5888055928364855,-0.8104186192657762,Normal
1.203131446561573,-0.12431203184136665,Normal
0.17269756927315505,-0.10232946132535876,Normal
-0.12081005651076326,-0.4611721660735018,Normal
0.7914109193539368,-0.3191136554848659,Normal
0.7370505901137828,0.038379625624914086,Normal
1.4525191578267755,-0.18818728793462344,Normal
0.8987092001987931,1.0154372519164363,Normal
1.1170475362569148,-1.0115194585533216,Normal
0.30516225601484565,-0.301452124486536,Normal
0.6307961046342585,0.3540470177337475,Normal
-1.3264990862362978,0.2677245614905564,Normal
0.5675747704975588,-1.9219101676919628,Normal
1.130996422295438,0.9690719546578107,Normal
-0.3685449977959783,-0.24953023188014586,Normal
-0.8872624028121294,0.6218899791257247,Normal
-0.5064272385053569,0.22829523925866385,Normal
0.18637328155919844,-0.36157791129259725,Normal
-0.030088119926614178,-0.5101865449540174,Normal
0.7975352368937917,0.4594809722602506,Normal
-0.2735379642868836,1.0444552194004195,Normal
-0.6293361152513731,0.5394547099098974,Normal
-0.11749083539357713,-0.38997347387362796,Normal
-2.961266450104483,0.25253871373537784,Normal
0.7338535797726842,-0.5017351791397127,Normal
-0.1411086075696927,-0.10010814148342813,Normal
2.3896260080449787,-0.8024442426911509,Normal
0.592168509975913,-1.8374870918425876,Normal
0.12451585364574835,0.6909187010278408,Normal
-1.426547807857724,0.08072335669446144,Normal
-0.006527432229171629,0.7475059582587441,Normal
1.9923166673376365,-1.7853444561345562,Normal
0.934152547054155,1.5349139724843326,Normal
-1.2051494862791434,-0.42336719088761654,Normal
-2.4237066358563,-0.1939468504828299,Normal
1.3662257901161963,0.5652375884170268,Normal
-0.5273944756535708,0.31317361361002194,Normal
0.6184843008490324,-0.9295941023946239,Normal
-0.7179857932489678,-1.2051357473475377,Normal
3.2947280634970624,-2.389306355284874,Normal
-0.806848182942586,-0.7703183829871862,Normal
-2.2677041728825422,-0.6636952973447956,Normal
0.17712120235386866,0.44303213536206554,Normal
1.8904323314231337,-0.6724746298700637,Normal
-1.7897355682139138,-0.4870144057571678,Normal
-1.5998620320770427,0.19848010462832358,Normal
-0.8808042621674629,0.2880656987103601,Normal
0.8083153454049987,-0.2442187069198385,Anomalous
-4.24678662283682,-0.2720751580615021,Anomalous
0.3365150768867118,-0.15280277851930868,Normal
-3.100993234023797,-0.25319614497340226,Normal
-1.8058119007405944,0.9016506480213148,Normal
0.9612520665026463,-0.02995912412198147,Normal
1.7808482338442368,-0.6669018224263722,Normal
-0.8128454676618222,-1.3882267957338756,Normal
-1.1315448296493005,-0.45428446614756796,Normal
1.424644897537088,0.5801856200175772,Normal
2.1067556938668193,-1.8576445961696388,Normal
0.46752618946826785,0.2319590811748171,Normal
-0.5415478604913484,0.5208781879005298,Normal
0.1463511478240247,0.018444232568067577,Normal
0.6113604395491452,1.6699902381640714,Normal
-0.5232527172563128,-1.1627511720635302,Normal
2.7105138180226374,1.221630350852352,Normal
0.683698245441408,2.324672443141986,Normal
-1.0508111623614653,1.1298493936261984,Normal
0.4625437034185385,0.036412463119494885,Anomalous
-0.40627122367978935,0.20376442243531778,Normal
1.5297868476888588,-0.11302434853310986,Normal
-1.2842860585895002,0.43279047463232734,Normal
-1.3336101305973864,-0.4346972548813832,Normal
-1.0406144488514346,0.5179476836589791,Normal
-1.1827127080022597,0.016611626787579454,Normal
-0.063687073191602,-0.5579047315264629,Normal
-0.4423036284013195,-1.1991154005575784,Normal
0.35095180941073295,1.002257109890748,Normal
1.6318836076519703,3.4585301065567564,Normal
0.05785426729812856,-0.5166738705984557,Normal
0.5334315511036457,0.5461937881242159,Normal
-0.7541363686109495,0.23373546073367002,Normal
0.686490014755701,1.265149207920454,Normal
-0.5541602735569144,0.618588745547561,Normal
-0.9715766367007094,-3.881158514932809,Normal
1.0785878768320782,-0.07280689484399351,Normal
-2.2577631887096237,-0.3674780867153145,Normal
0.46715008900660815,-1.4420362278359842,Normal
1.7614292546515402,0.15955681956700138,Anomalous
-1.8989291361287377,-0.3280129584474661,Normal
0.6534456272159331,2.1255508666602103,Normal
0.39600553685880663,-1.3574160297825069,Normal
2.8839546200707646,-3.1573135840494815,Normal
0.5910958354427532,0.20242634277943314,Normal
0.6570191268721796,-1.5679036292499071,Normal
0.5184307130842769,-0.2051935407335841,Normal
-0.22569281319206244,0.4495974949798449,Normal
-0.04186673470676776,0.8095951551552325,Normal
0.432189573707649,-0.4981486207157105,Normal
0.9553132935039682,0.2002408345797039,Normal
0.4565429673399065,0.4027966762718842,Normal
0.4024885058188967,0.22311396475178374,Normal
0.5229305854442686,1.5820699971955905,Normal
1.4706529242409232,-1.2333508719229227,Normal
-1.427879251680499,0.0029735167808793324,Normal
1.0251145038862857,-0.5212694558961236,Normal
0.12307778706645242,-0.059904795560971155,Normal
-0.0452849363942907,0.4986805910130998,Normal
-0.9538162837438479,-0.4692358078331654,Normal
0.981548834414847,2.017509087680826,Normal
-0.7431714927152758,0.05002635297781084,Normal
2.4172696059963834,0.2507831990744708,Normal
1.6484473744255352,-1.5958340516768794,Normal
0.5621652725777602,1.0465877438477382,Normal
-2.028536103204155,0.07631701791449275,Normal
-1.782780791329811,0.09640473466969639,Normal
0.43793704290809504,-0.021952733989506337,Normal
-0.8630442780309224,0.25258907158141464,Normal
-2.2486571865154903,-0.23011467378860798,Normal
0.15755324927329847,0.717872127609452,Normal
-0.6852216317050793,-0.060821126663468894,Normal
0.06637979655904816,1.243346946769921,Normal
0.6763846696156685,-0.848761409963579,Normal
2.0887960950121487,-0.9886497549910156,Normal
-0.9531943901872482,-1.5114082589153282,Normal
-0.8229635201370586,-1.6155238021476674,Normal
1.593793915055408,-0.397177603660751,Normal
-0.16475772074165632,-0.607188734340094,Normal
-0.24811914809557611,-0.33171029892724047,Normal
0.4408397105444873,0.5547773707220738,Normal
-1.5975341455725591,-0.43899494818481505,Normal
-2.1843296383971795,-0.308249255074089,Normal
-0.5867331635354679,-0.45321608558264925,Normal
-1.8103044411713238,-0.47005306674857866,Normal
-0.7437100237743272,-0.35272498447970113,Normal
0.19671381421679207,0.9789319858928226,Normal
-1.3885128941675025,-0.2956282070457366,Normal
-0.12028814818405126,-3.988174029572872,Normal
-0.9848927485530649,0.28204632976754074,Normal
-0.9860207239471518,0.30135884539989344,Normal
2.6810461089758437,0.45008007021773844,Normal
0.6079071800374608,-0.635688627906732,Normal
1.0900361584744553,-1.831901694155267,Normal
-1.6344894386300162,-0.2649743288484187,Normal
0.07145905315776102,-0.038440402680748956,Normal
-0.7316993233930568,-0.0075688895650881955,Normal
0.7422798655778302,-0.652117107838852,Normal
-0.45089039639622536,0.9033673419941001,Normal
0.3908421604684803,0.6338611667418804,Normal
1.5530013104853873,-0.0919994390408185,Normal
-0.6513725900490681,-0.21101111401388578,Normal
0.3244878486630812,0.4832186042396914,Normal
-0.26420287605939496,0.8638078686683135,Normal
0.5213658838214119,1.2584983535853844,Normal
-0.5840197495203103,-1.533449214958907,Normal
1.915180665916141,-0.9136425747372791,Normal
-1.4391251554506919,-0.2733509703107942,Normal
-0.5215939097260319,-1.9461810075709907,Normal
-2.297003049323423,0.2251874131402277,Normal
-0.5883104918444627,0.6112379399560076,Normal
1.093312179460296,-0.28390477367315836,Normal
-1.228004066606182,1.671832897198406,Normal
-0.12415629368814837,0.08340288844266594,Normal
-0.19179618408220142,0.34105614800572287,Normal
0.916037148637325,0.6366316868864157,Normal
-0.7768079217955881,-2.6939870582496876,Normal
0.7588901496429085,0.6257090487775491,Normal
0.08983805931243377,0.3249512127009545,Normal
-0.23203697465448297,1.4880323297068825,Normal
1.3931343007724009,-0.0052215405970147885,Normal
1.3757836755193529,0.3693274733551553,Normal
-0.5468530762274227,-2.0456522956796563,Normal
0.3111393169912716,0.3458845749521882,Normal
0.796534673201933,0.2382956646387241,Normal
1.4503597839013989,-0.5186292480535785,Anomalous
1.2243628829716713,-0.36859902921540166,Normal
-0.4567708072799905,-0.7064472040328511,Normal
-0.736374134920028,-0.25418912908139346,Normal
0.2609041902183033,0.6611444155546958,Normal
-0.7376360994838577,-0.5944751841900449,Normal
0.21405985008782527,-2.996854995223984,Normal
1.4478821974365226,0.0698097755428324,Normal
-1.1278836491437974,0.4499525594788514,Normal
0.9716288380301245,-0.8296144037407374,Normal
1.3471085424566505,1.4212538907112648,Normal
-0.11079108156460682,0.44477787294043686,Normal
1.590720100248571,-0.6782719603404647,Normal
0.06547320803126785,0.1417777408619774,Normal
-0.16463459315212542,0.7950482539305268,Normal
-1.3113380956270666,-0.779437356498525,Normal
0.7035438867917382,-0.7299336065872436,Normal
0.9850830589259377,1.4096323045048869,Normal
-0.7235548696044044,0.6281901902681071,Normal
-0.054821905037903816,3.1410131817799822,Normal
1.145212131787915,-0.06517149949240615,Normal
1.3662204915002054,-0.2148815317370882,Normal
1.9582171333013367,-0.8807210007204761,Normal
1.205810939563463,0.08685687516361178,Normal
-0.20910725860773385,0.7026553195000161,Normal
-1.132145635057995,0.5705817727611128,Normal
0.2993671761477965,0.0010805061507533481,Normal
-0.4721173795564862,2.1761205511205763,Normal
-0.25362055006061845,-0.630228839827904,Normal
-0.05412404460479005,1.161083732500367,Normal
-1.3713306404518757,-0.1801090901841547,Normal
1.3591034574282734,-1.4552675425201331,Normal
-1.4895708871770716,-0.19581539168452494,Normal
-2.000831578529695,-0.39984715249939706,Normal
-0.41795360751181787,-0.03396178652729013,Normal
-1.6131657966224595,-0.2772115748429318,Normal
1.4636451796544396,0.23618050808483843,Normal
-1.2529054019559165,-1.0976500899506068,Normal
1.3421855821848694,-0.09363291442476064,Normal
0.6816887191130899,0.47916713879050776,Normal
-0.13918364339890116,-0.39858235019502203,Normal
1.3499054427339965,-0.40044131478684386,Normal
2.5834027032461266,0.03920404928406893,Normal
1.4437629387607986,0.3437329561435882,Normal
0.19117318485400653,-0.6450386120553299,Normal
2.090826587162238,2.1856102504563157,Normal
1.3210499259106812,0.15858242935384173,Normal
0.18943103724260313,1.1963343450950996,Normal
1.1283531564084401,1.0931227126155005,Normal
0.9330836555469729,-0.27100586384144687,Normal
0.18505521493230578,-5.854190526969921,Normal
0.7484999542358902,0.39872923226809825,Normal
-1.0944837072881957,-0.37870592260382285,Normal
0.05446541915380819,-0.30620349577400274,Normal
-0.03217488941646775,0.2735874228995459,Normal
-0.938655881807686,0.5365280199133571,Normal
1.5146537544707688,-0.39403469745304587,Normal
-1.3712828274105708,-0.07658232200004265,Normal
1.5208293608463537,1.0378567765910114,Normal
-0.8551015323454955,0.5647117550620439,Normal
0.20058735551491627,-0.5502058358287326,Normal
-1.1727755196455618,-0.426249187308567,Normal
-1.4855796551512288,0.17702609545991216,Normal
0.5543577324960709,-0.005506236192641355,Normal
-0.35857651628164366,-0.03665793019247014,Normal
-0.7936575698809705,-1.322433910029648,Normal
0.5930450530961686,0.7427306876952469,Normal
2.4524544259875074,2.5698085884065955,Normal
1.1282369245929296,-0.16918279832414734,Normal
-0.7494819299545193,-0.5938292000066095,Normal
-1.3050056974394462,-0.2664878993221335,Normal
-0.9530609575137863,0.396960187133911,Normal
0.20353048436619348,0.48141695628030506,Normal
0.624080817474644,3.200927823441901,Normal
-1.4411688338432371,3.2595106772515803,Normal
-0.49419864116135254,0.48522372240308104,Normal
0.9608792185138995,0.5913941100145415,Normal
0.3738455675108968,0.4128393714708428,Normal
-0.439988156959207,-0.2188342178062492,Normal
-1.6530714027157603,-0.2723329803435594,Normal
-0.294082414725635,0.07246031389492984,Normal
-3.182681859258738,-0.4154923810176852,Normal
0.5989305997872655,0.5856100835574175,Normal
0.19572006591343075,0.12776189153360581,Normal
0.931638296432849,0.31150027611819964,Normal
0.6493794188881687,0.9372583316525827,Normal
-0.09246051721645712,0.588904841423672,Normal
0.11617460517801251,0.9043120083441868,Normal
-1.7253761680120583,-1.352443792527076,Normal
1.1528950265931943,0.3215925988599377,Normal
1.499141613052146,-0.4471603606278759,Normal
0.755660941054464,-0.31751370610572127,Normal
0.03561688974728208,1.2084199337652315,Normal
-1.4525749119113736,-0.2773896093898226,Normal
-0.8674897893779157,-0.9649182301450742,Normal
-1.5588833982639858,-0.3350089047522469,Normal
-0.07063015740565753,2.4437266146172347,Normal
0.966617190507214,0.696194163388416,Normal
0.4177907755872903,0.877439261707964,Normal
-2.874869043315497,-0.6382654779696059,Normal
-2.1374386451117573,1.2279669376454714,Normal
-0.6848801393638168,0.28053910535630877,Normal
0.550678716563008,1.550415577959538,Normal
-0.15271950336218684,-0.013634782490394464,Normal
0.6590086411988597,-0.08531476120613475,Normal
-0.17829679487047434,-0.806407757308675,Normal
-0.18346374331218543,0.1498004337572363,Normal
-0.7881074628940042,0.5659740074251837,Normal
1.3501413890006326,0.19051690460585124,Normal
0.784625902282264,0.03947556147804543,Normal
0.7547501228939404,0.9371948530123638,Normal
0.10560370152877277,-2.0351591803831495,Normal
1.4261907133064622,0.7880401696914066,Normal
-1.7741025073673489,-0.13861084765966966,Normal
-1.257574170937551,0.5423707965511391,Normal
1.0296200044172146,0.008564050024585082,Normal
0.475370700678731,-1.3154498608083998,Normal
-1.0944837072881957,-0.37870592260382285,Normal
0.08065121831728062,2.8600157740060506,Normal
-1.0704818158944087,2.6419111041705046,Normal
-0.5307582848669865,0.7624565229768288,Normal
1.21573957587301,-0.1087128486520612,Normal
-0.7649182118251764,-1.9015564531395939,Normal
0.07347069711883492,-0.013358196847163205,Anomalous
-0.3904550779020702,0.6274584910217021,Normal
-1.7533083869991355,2.3224928176051707,Normal
1.0561375072103787,1.3725561375694586,Normal
1.7221737840361495,1.2233549121019804,Normal
-2.2992119312990384,1.1582734263627659,Normal
1.994266349718467,-0.11510779626014747,Normal
0.6896172926867821,-0.4009749630160973,Normal
-2.3017700097298768,-0.4518366772297221,Normal
0.11346643211841625,-1.5439854741378387,Normal
1.6349028740337803,-0.22094137267957983,Normal
0.1404368069543226,-0.005051869104247965,Normal
-0.3722284187149035,-0.04590440042220088,Normal
-0.7235949589541184,0.20850522207581998,Normal
0.9278279447537521,0.0710979104904547,Normal
-0.024314775832020886,0.01538716134564786,Normal
0.6639773615011337,-0.4766008726865712,Normal
-0.8848491064723002,0.3689973234636651,Normal
1.5166998769911444,0.25756851557079197,Normal
0.2788194508901689,0.08899784039752599,Normal
-1.0309913601920249,0.03601026700210134,Normal
0.26873663462771163,0.6956413224028241,Normal
-0.214740057636583,0.34366202192338496,Normal
-0.46251000171632684,-0.5086279868464245,Normal
-1.4213063492436724,-0.18736954387460492,Normal
-0.5680309798660792,-0.4244089928120812,Normal
0.06916078484639396,0.15946390296500468,Normal
1.2470837385247355,0.6713380343707618,Normal
1.57601937801285,0.17726502673894337,Normal
-0.6481788845251086,-0.8396820755028709,Normal
-1.8935924023555541,0.8602484411228918,Normal
-1.0724163940587352,0.012853617954422922,Normal
-2.5157997843970383,0.32294836246405023,Normal
-1.0360855375656646,0.15697122334003974,Normal
-1.3164337673421225,-0.3950002474918895,Normal
0.41787379051283824,0.4141230370433934,Normal
0.4828847925056082,-1.6667904451665874,Normal
0.6933157707441323,0.25977650980549344,Normal
0.5591127492066781,0.4107592788985372,Normal
0.4667581359894042,1.4042871105006585,Normal
1.3184648647470618,-1.3340608220861998,Normal
-3.873351852894592,0.5631429705732122,Normal
0.12334445388914184,0.009175983475738633,Normal
-0.9390166853607241,-0.4903410665442271,Normal
0.6045593224510736,1.3546091321198053,Anomalous
1.937164533244934,3.939463319728388,Normal
-0.3380717719726821,0.3726825007402508,Normal
-1.7553009946021645,-0.4827872471317932,Normal
-0.44774482719958403,-0.4507634323728054,Anomalous
-1.4284898261901882,-4.074613225558526,Normal
-0.2566153805681242,-0.6715969220397263,Normal
0.36923727384231286,-0.8128418097102135,Normal
-0.4645278991478431,0.541048039630378,Normal
0.6034283237593865,0.08376371983649371,Normal
-0.013130956560993046,0.09407190510947909,Normal
1.5040354833545968,0.0600134211483563,Normal
-0.170932338801099,-0.4979430416431934,Normal
0.7171153945209623,0.7216517253525333,Normal
1.5024022747986023,-0.5709092474843726,Normal
1.9281139128060236,1.2215247006758245,Normal
2.9398020629334978,-0.6261092878615018,Normal
-1.9520148541667488,0.6360199310369196,Normal
-1.772497235144786,0.5173271818040864,Normal
0.3644224169922689,-1.0617971447710588,Normal
-0.4412268505490082,1.4917096407043162,Normal
-1.5487874155542012,0.5823917134749811,Normal
-0.4579334335521194,-0.16472963380000272,Normal
-1.7262148285522068,-0.6794302912849601,Normal
-0.9539123998654825,-0.7765637561812512,Normal
-1.2728408888459626,-0.7840484138240226,Normal
-1.468659247612445,-0.5949487474552915,Normal
1.257347299925038,-1.0943302645172786,Normal
0.5394773144799092,-0.08125760040639703,Normal
-1.8206028034456054,0.4797571699627742,Normal
-0.3004810303211867,-1.9079713287545268,Normal
0.1275067917954839,0.906319206540771,Normal
0.4047368407013742,0.28886703230069793,Normal
-0.7303031944442376,0.5107401990191863,Normal
0.5548806632907991,-0.6859799196190168,Normal
0.5654013241802173,-0.19702821837948295,Normal
0.7265401718011233,1.8231519074568796,Normal
-0.6459340757698666,0.7468629837688173,Normal
-2.8249408669834573,-0.544358173163815,Normal
0.0506825659572784,-1.5558237822283432,Normal
0.25666881848482853,0.6864324054185164,Normal
0.2797367250929432,-0.7414818705509705,Normal
2.1589104722431807,2.1848114927214284,Normal
-1.9342607962909144,0.359144088524602,Normal
-0.8734817495055707,1.0056440278367897,Normal
-0.07122506820591795,-1.124180423850496,Normal
0.12028724568757013,0.25425397290803864,Normal
-0.5686456231076981,-0.08815778229458643,Anomalous
0.7523812602027777,0.7500437989368628,Normal
1.2269936592083606,1.7522118784373364,Normal
-1.138450341060132,0.8418918667402544,Normal
0.5099966801270234,0.5713750362781527,Normal
2.444501050023227,-1.7985690736455064,Normal
0.20032062986533278,-0.2906838090767741,Normal
-2.3302280424989803,-0.46133230147324533,Normal
0.9346646734583888,-1.1386275183754537,Normal
4.384917541825591,3.4354065474114854,Normal
0.8277998050548719,-1.2658969441063432,Normal
1.731564545563757,0.014974073401655599,Normal
0.16279986955571324,-1.0611043270260208,Normal
-0.7352556890530147,-0.21742531190224618,Normal
0.21734244157374968,-5.992822937973184,Normal
-0.3127325075526888,0.8678519778655599,Normal
-1.4260240236019688,2.2293747924470746,Normal
-0.366039850183844,-0.2467302166661889,Normal
0.6796951358928369,1.1577746546740812,Normal
0.1955316686152263,-0.7624151172643553,Normal
0.3009920238446918,0.01424996908680808,Normal
1.5425019100017712,0.5075182204012015,Normal
-0.7758868440979103,-0.7060770197497107,Normal
-2.600044395111782,-0.475207831503724,Normal
-1.2377808935981707,0.07907510978603287,Normal
-0.21438812375936686,0.26897847008149767,Normal
1.1168030728366583,0.06905939932934567,Normal
-0.6944884064603022,1.4471760782018184,Normal
-0.4022249575509463,1.1914551751036953,Normal
-0.9535507492086287,-1.05910899940013,Normal
-1.0944837072881957,-0.37870592260382285,Normal
-1.477545734306461,-0.16569029358037776,Normal
0.7086667054226036,1.145119913625798,Normal
1.8525831319705328,0.28375414270808935,Normal
-1.0015609129303542,-0.362420424299866,Normal
-1.4036533697267437,-0.28995425123202545,Normal
0.20822332641469343,-2.8879759992929226,Normal
1.4092200603346021,-0.11463191962572232,Normal
-0.4399321772504732,-0.4895351993887293,Normal
0.5016911369634387,-1.0827678145695283,Normal
0.7242643692573292,-0.22635851011782576,Anomalous
-2.035502041282398,0.5559423143981971,Normal
-1.192719962603848,1.668846923573769,Normal
-0.0034125033481452894,1.027945754065215,Normal
0.24344720325559455,1.3126655838243184,Normal
-2.518009799481228,-0.37237722884724966,Normal
2.456347158988721,-1.381183796642975,Normal
1.3182290825260643,-2.2909999145945825,Normal
0.8656642446021473,0.9888010344338163,Normal
-1.6677218315889308,-0.42681326955694543,Normal
-1.6710823634538403,-0.040418365407077106,Normal
-2.24853041725233,-1.1141160201980091,Normal
-0.015200137811448168,0.6145165338208234,Normal
-2.809540821197805,0.37268661185564095,Normal
0.7606852452113847,0.7758902985957032,Normal
0.14230796911654697,-0.5087489408949079,Normal
-0.192518871654801,0.6033166633386386,Normal
-1.3961983342635407,-0.33173721698576514,Normal
0.9460454967380413,-1.0455759225743753,Normal
0.5336007579704338,0.05890629900593555,Normal
-2.2242977980096033,0.2836919035117961,Normal
0.8075401172673381,-0.09181650345105247,Normal
-0.35474683326711637,0.9168333914542776,Normal
0.5460143930042038,-1.1910011303573513,Normal
-1.6822492651496694,0.42386601485674336,Normal
-1.0905750567725057,-1.6652988491808538,Normal
0.8396877261518493,-0.05869573201272394,Normal
1.0878025669179956,-0.31391869490967217,Normal
2.3787464964755967,-0.1867387126453773,Normal
0.07783337796981155,-0.08740007439373308,Normal
-0.022504802010497014,0.37314756751569045,Normal
-1.5067349310288716,-0.12615288997222418,Normal
-0.6839646292576536,-0.22548312323027328,Anomalous
1.5454134423190287,-0.08059310732329271,Normal
-0.460530620683021,-2.0046978265908106,Normal
0.21877526865871114,0.6497512908654609,Normal
-0.6550995611914358,0.45147649326587036,Normal
2.233990128935194,-0.1639349052424922,Normal
0.2999294744450342,-0.09662678374572752,Normal
1.2878783914115814,0.9044259833081963,Normal
-0.822005379707332,1.1470547197406262,Normal
-0.0862312972273952,-0.3976383905397794,Normal
0.7782963869936083,0.9985682358192985,Normal
1.4173775931619907,0.28883557232993384,Normal
0.4075685130490217,0.6589427571236344,Normal
-2.2256432836935,1.3161054652660207,Anomalous
-1.7133337661350074,-0.1293064942013762,Normal
-0.6422047161950438,-0.06000431975006741,Normal
-1.2759314367342929,0.036916820885233174,Normal
-0.31332937421856943,0.6498587616752418,Normal
0.8752402440479621,0.8997832969006209,Normal
-1.450308400457256,-0.43474971273426843,Normal
0.10311876270306153,-0.1581427429852957,Normal
1.8705817375369236,1.0715954059282746,Normal
-0.7108568705357087,-0.052423841594421226,Normal
0.9300923871924527,0.46890438696228,Normal
0.6811840231917012,-0.2797640759484302,Normal
-3.6055650860721205,-0.151133315705816,Anomalous
-1.137653221247783,-0.3871433430143242,Normal
0.4768979282163296,-0.39924943317173517,Normal
-1.4063685190077124,0.40074227029415127,Normal
0.10974859482939109,1.044552596104261,Normal
-0.8254645967894149,-0.18887225198461707,Normal
-0.7676636642196961,0.46240072877571636,Normal
-1.1196247811365831,-0.9852100500220236,Normal
-1.7071378204897985,0.06439532858508143,Normal
-0.8509161365754915,-3.666085949423344,Normal
2.3958358105850506,0.31669877171688643,Normal
-1.5300812106207833,-0.8418564320671312,Normal
0.12725189429599376,-0.8902281898777655,Normal
-1.3639808879711564,-0.9513460333350189,Normal
-1.2846974326347287,-0.25295568075611335,Normal
1.7212979493885054,-0.06538580771506688,Normal
-4.9325300429345615,-0.8293485518017792,Anomalous
-0.22099433246133268,0.6201895690755497,Normal
1.2739907746961368,-1.2393868251752431,Normal
0.03587342838774786,1.6089813668981003,Normal
-0.8375787776621936,-0.09824297147279276,Normal
-0.5543486506937878,-0.266771463545132,Normal
3.8884590026618397,-4.983987295652673,Normal
1.5555431257631207,0.278805112136273,Normal
-2.818914155507185,0.3467410777884918,Normal
0.12814637500927434,0.32032315211699636,Normal
0.16809940565893428,-0.46160531343318834,Normal
0.5174178470327496,1.6853387084937177,Normal
1.1666521310247184,1.675299004485739,Normal
-2.884740262543825,0.3112308548232106,Anomalous
-0.3276290530807638,0.6167343886323575,Normal
-1.1915463521751555,0.23804483023274586,Normal
1.2344790873933178,-0.6082314846684657,Normal
1.910439539848405,4.730422074242126,Normal
1.306541443708656,2.8894270586126316,Normal
-0.08479425502236237,2.1864081601134453,Normal
-0.5854497334081354,0.343456877019965,Normal
-0.17270572579803392,-0.15442114335654103,Normal
1.1355534727900942,1.475371997977993,Normal
1.552517062936991,-0.2973432348081578,Normal
-1.5591603206705837,-0.5064875392701325,Normal
2.243324859966299,-0.8123649193039163,Normal
-0.4361688963378498,-3.361614664716007,Normal
-2.295340287220535,0.10042937884210924,Normal
-0.7594839214705144,-0.4693055978393169,Normal
-1.2068532609459,-1.0641558026717244,Normal
0.2819625561160221,0.33096372511643385,Normal
-1.8261423106433199,-0.6347885271668275,Normal
-0.8247090543797034,0.6454279958212711,Normal
0.05683565176344212,-0.4750853072274302,Normal
1.6121986764524079,0.7062625239987688,Normal
0.7855885715442767,1.317580375297136,Normal
0.322837533933733,0.20103802034641738,Normal
0.005745908507628305,0.3240670282789291,Normal
1.1071996668176074,0.47224627357288923,Normal
1.059747978342036,1.211361854064297,Normal
0.17493596759547647,1.703571128392282,Normal
0.48239139567576683,-0.529101178360189,Normal
-2.000951243199977,-0.069546104832499,Normal
0.43427105412133005,0.67312664820666,Normal
1.8971935766770078,-0.27321194521809217,Normal
-1.802206289796091,-0.23689830791660835,Normal
1.099424891590878,0.5661195961411281,Normal
-1.2675360265404874,-1.0210319543353332,Normal
0.761148631148647,-1.0081739682119553,Normal
-0.27787999106664785,1.0336120533694786,Normal
-0.9144187001275104,0.12246239942982574,Normal
-0.06523522319821934,2.1354646910739636,Normal
0.1734421741299622,0.8290817347370993,Anomalous
1.564122948778309,-0.5117945188560189,Normal
-1.3299325642320128,0.7583833185609461,Normal
2.5736336300026985,0.5345688297204167,Normal
1.127618065925744,-0.29053258308974866,Normal
-0.3628085206268661,-0.5811999537079157,Normal
-1.4093124670071342,-0.06723680462173619,Normal
1.5600221044106837,-0.5788140874503481,Normal
0.8534109984856476,2.0373013442866252,Normal
0.1519279430589194,-0.6314886412300489,Normal
0.14816676831113704,-5.726091230170808,Normal
1.5024644005614924,0.22318204245904494,Normal
-0.25440317235153614,-0.3571762344093198,Normal
1.8218242172861083,1.122073240144142,Normal
0.23644444542584062,1.0338256890861133,Normal
-0.20962540406876926,0.4978948114994762,Normal
-1.7602560154048545,-0.30863277565441005,Normal
0.3083730932797124,-0.24163043221513542,Normal
-1.3955961894713806,-4.5960991561522855,Anomalous
-1.4578375596015187,-0.26693639859824875,Normal
1.3560653171398092,-0.13632372599469622,Normal
0.7649136677622335,0.13867715163577166,Normal
0.8749088375595678,1.0981353552996584,Normal
1.3665462727836808,-0.226719686495253,Anomalous
-0.635162998895958,-1.3658089930173039,Normal
-1.5043899262626357,-0.0057804119843523245,Normal
1.6338821890338213,-1.137693329040193,Normal
1.0981803012746427,-0.0034586311743872405,Normal
-1.6209233560767216,0.7830878180557935,Normal
0.1359467339257909,-1.6169183967164718,Normal
0.7016184500601428,0.299837485989716,Normal
1.3934401407123782,-0.4327283080161154,Normal
0.48096182910030366,0.06313073693187385,Normal
0.7999179090007638,-0.7965495892522526,Normal
0.48325706607788355,0.1305119235304726,Normal
0.2935504074895935,0.2907180978883024,Normal
-0.5823716381137528,-0.15933400010753232,Normal
-0.5765735643079034,-1.1306674672634929,Normal
-2.3714296723309793,0.48667591871866195,Normal
0.4857363960116138,0.0024542936302830195,Normal
0.24600862980860552,0.6624026316495513,Normal
0.11557381768204339,0.3200610978483119,Normal
-1.2107244999638278,-0.5024982503490539,Normal
1.3083450037993258,0.5175441149361829,Normal
-0.12841329872165724,-0.0393511620721457,Normal
1.0767464679205054,-0.005993313536672214,Normal
1.2434657523067179,0.6985303743634491,Normal
-0.7999578550685454,0.01541151067250941,Normal
2.2856701379605817,-1.7366542945289634,Normal
-1.77801803327332,0.7771018345613854,Normal
-0.5560160180745832,1.5691511405062883,Normal
-0.5295610427374294,1.1826817927303537,Normal
1.6195443391468787,1.0005596469386886,Normal
1.065185136876882,1.3606914785384874,Normal
-1.1066313829149266,-0.6628233892502293,Normal
1.83627755815078,-1.1737615949629774,Normal
-0.975701930528959,-0.7696580654605167,Normal
-1.151974962452488,-0.001446283852222448,Normal
-2.2083366221576695,0.07696251164750537,Normal
-0.1198792740160741,-0.11084146663314426,Normal
1.0387458288800284,0.6330598063604571,Normal
1.478729527874198,-0.007772893474723354,Normal
-3.128400905303972,-0.022636193329607146,Normal
-0.49549842244612524,0.34163754941359603,Normal
1.4116578963024267,1.1897044685293905,Normal
1.5305353119302494,0.07996377373256731,Anomalous
-0.7069502499163243,1.3272260647820666,Normal
-1.251062399289281,-0.003224357522490493,Normal
1.0342160405605536,0.23489187604384162,Normal
-0.11278262318422236,0.06904929173687148,Normal
0.12976180016900182,-0.731601930258753,Normal
0.8426580146931156,0.487324748861019,Normal
2.4389344260362917,0.19744561891094836,Normal
-0.4277526054294636,-0.17856483146715565,Normal
-1.8686595572501046,0.3817611346374102,Normal
0.6955403930192373,0.17968542167853077,Normal
-0.1937757382850681,0.3952393260035456,Normal
-0.259359112107422,-0.7594023058475433,Normal
2.80963448923249,-0.7562474455817105,Normal
-0.627537973359703,-0.13142133143645582,Normal
0.613559565313745,0.05669022226990522,Normal
-1.106859927328589,0.9354184429716933,Normal
-0.5904679376052038,0.207569149502529,Normal
0.1442412031161066,0.09769178580490429,Normal
-0.8429074903707635,-1.0190708080858366,Normal
1.3097821274922978,-0.61114617155669,Normal
0.6778055004471542,0.4233392872863285,Normal
0.3589066663421555,0.4728014177927418,Normal
1.0710049323505684,-0.01952590347447619,Normal
-0.004395286890123825,-5.835446590048068,Normal
-1.1362024887304336,-0.09217793342061763,Normal
0.44274122124637766,1.7913214883280293,Anomalous
0.5087316887911363,1.227185679919723,Normal
-0.20800273653984364,-1.0963808326976385,Normal
1.2319394947170992,0.2715725615198115,Normal
-0.10660241764372722,-0.6795303706964021,Normal
-3.526334217750928,1.198737442903162,Normal
-0.7818238259989503,0.5079001972138506,Normal
0.3590242262197394,-1.0946167189438667,Normal
-1.5577586508395187,0.099670744219548,Normal
-0.29539681019829417,0.6652612721210188,Normal
1.8339385236612646,0.4871967883022943,Normal
0.543620601491733,1.0637852940458155,Normal
1.2695451052176405,-0.2185895523101686,Normal
0.15197262292090002,0.6956650341204826,Anomalous
0.1568129539688803,0.7694672417742845,Normal
0.35520333030653733,-0.6153708044598282,Normal
-0.6230387665966435,0.0905630974776201,Normal
-1.3248595102867875,0.5673204746013071,Normal
-5.8613152547783605,-1.3171857678840797,Anomalous
0.057736343154748626,0.4903885197047805,Normal
-0.4687509362891675,-1.1503846399952478,Normal
1.6981999151426865,-1.1742037608838525,Normal
-1.3151060040944198,-0.168879398678328,Normal
1.015677768233311,1.0688177522982798,Normal
0.22938291161044058,-0.851847759273875,Normal
0.6700349350233118,-0.3315531603532786,Normal
1.0982687950600776,-0.1330070831639583,Normal
-1.0798150680271088,1.2071053571756083,Normal
-1.2311290624045685,0.09653238958726704,Normal
0.9079127114317829,1.2349805381872043,Normal
1.0214004529712402,-0.42349725436490954,Normal
1.367861751135068,-0.31230434752496755,Normal
0.024819619789255468,1.5118769219776131,Normal
1.0358139638568162,0.5231104516919112,Normal
0.767240912197122,0.7099886241164776,Normal
1.5158809612461326,0.12161028106905832,Normal
-0.8103605789607934,0.029902503438657795,Normal
0.4997313030236352,-1.116377698040188,Normal
3.656629623771059,0.03326994520963233,Normal
2.5702747542151414,0.7030452111185916,Normal
-0.8293468803859427,0.31311346533180057,Normal
0.22644972089164275,-0.1699506874573332,Normal
-1.2165484021301936,-1.1287528957975255,Normal
-0.43430359483138603,-1.1131432656703562,Normal
-0.7457452562862419,-1.0961304487763037,Normal
1.2916500535470983,0.65551512037916,Normal
-1.1968248063292484,-0.11546664368397515,Normal
0.09918958355619895,-1.3355962893273436,Normal
1.2612305756961413,0.0038399950405133615,Normal
-1.8065892337052873,-0.5754906835514461,Normal
-0.645960469544897,-0.20555412834501155,Normal
-1.0470564983521111,0.4450229095341618,Normal
-1.157504070311239,0.07373744725029431,Normal
-0.11436762448323737,-0.8341570288826755,Normal
0.4689305787872361,-1.1278249234839415,Normal
0.6068584713013319,0.41734537264629407,Normal
1.5397265128805822,1.8246555541497407,Normal
0.19178935866702795,0.27140415610326435,Normal
1.138524215957489,2.928651043400926,Normal
-0.6307377560157376,-1.1189506548717771,Normal
-0.9649696163683612,-0.4959934840360264,Normal
0.06002515526736418,0.8740948729810701,Normal
1.7657289260283706,-0.15905878718530736,Normal
-0.12309797752239426,1.0981513192634913,Normal
0.5795814545642963,3.6973103811908943,Normal
-0.9498721918998164,0.25928453943309754,Normal
-1.1151712358338706,-5.28730439940586,Normal
0.5479680254840047,1.2126949689536293,Normal
0.6122653030028208,-1.151561159278681,Normal
1.613673948340109,-0.04278917397281504,Normal
-1.0417394707826544,-0.5015802833990292,Normal
-1.285118507056535,-1.3064057518646965,Normal
-1.1609254195698868,0.5899128208774905,Normal
1.6505488649162035,0.1378576052255946,Normal
1.076764557259476,-0.5057924661915789,Normal
-1.848535123388608,-0.17459063188079132,Normal
-1.014556066302023,0.00022410264346494832,Normal
1.3750735073730416,-0.5182471823100506,Normal
-1.0641652522671323,-0.41426093529307634,Normal
0.6864672872496047,-0.37342067337021695,Normal
-1.9808983714258002,1.2160542641273884,Normal
-0.5007861994921088,-0.06869384332897,Normal
-1.0318921516140944,1.0303929846168833,Normal
-0.38683482536976704,-0.411355236541906,Normal
1.2988673267032793,-0.05699797822682065,Normal
-0.5623440450059686,-0.06358572473548402,Normal
-0.4965293817018795,-0.13950365360347294,Normal
-0.2605625390250237,1.0952155377113362,Normal
-0.8334456183749169,0.5436073287211208,Normal
0.4557515388980845,1.772781830932597,Normal
-1.0726109313173602,0.6961296517309179,Normal
-1.3786467451957842,-0.1256420788686986,Normal
-2.1192526452442575,-0.39396984248893857,Normal
1.3689365544989665,0.991347243834933,Normal
2.100780732016308,-0.2698069406752077,Normal
0.7791728140959499,0.9015398407204999,Normal
-4.598331547547316,-0.351630350645646,Anomalous
-0.13920607389603987,0.6827570142678399,Normal
-1.789174505591698,1.0621950392402528,Normal
0.08885994254373195,1.5913605773061301,Normal
-0.6186460000553639,0.5359655978639487,Normal
-0.13898887686180272,1.6138246310218454,Normal
-0.16845128909179907,0.20502136788313868,Normal
-0.5668644132304628,0.5740855029362804,Normal
0.5833423396555433,0.4601410380289071,Normal
1.0500584962937998,0.9409071249307426,Normal
-0.619962457359068,0.36906765119078555,Normal
-0.7012966299596087,-0.27066816432738733,Normal
0.6278782510920585,1.0695945874980615,Normal
-0.9902681680241402,2.9571213907822216,Normal
-0.9419027290655573,-0.38807603482380776,Normal
-0.6521641183420018,-1.2006948565153885,Normal
-0.294082414725636,0.07246031389492906,Normal
1.520632965113365,0.4203649614385742,Normal
0.763870926201927,1.0995643973681202,Normal
1.0276599202127088,-0.1394389285511316,Normal
-1.0517570285703057,1.2654678121998573,Normal
-0.012984318273337264,1.3951333660370349,Normal
-0.622173662534548,0.662843498448666,Normal
-0.26507435021211606,1.5357630021127673,Normal
0.7955891088932036,-0.36161477356538696,Normal
-0.41254429736257386,-1.112123616123476,Normal
-0.22031189881920474,-0.4224329100262832,Normal
-0.7809329198011299,0.058217192941089076,Normal
1.2431666271264024,-0.4701445253439885,Normal
1.626169044098333,0.08780260073884558,Normal
-0.3473703343942011,-0.5258708974387387,Normal
-0.8006441894142824,1.2792451310003004,Normal
0.5596057864397772,-0.1535167626776599,Normal
-1.4345104775961046,1.1836597370267514,Normal
-1.7440562875055174,0.042140728814249455,Normal
1.1225633045788523,-0.07217551810629393,Normal
0.8237516056231864,-1.1997152470833257,Normal
-1.7212799014364881,0.31608684854512437,Normal
-1.92242837050269,0.6168496625904012,Normal
-2.2347488290714397,0.2878467965025645,Normal
-1.2573101079245341,-0.2581628772345481,Normal
0.22210122171456503,0.46866356153273386,Normal
1.530655547056357,-0.004511564950612402,Normal
0.04328470990348166,-2.9558134359820483,Normal
-1.243792411639342,-1.0811419216666271,Normal
-1.253007473127697,0.40882395447521575,Normal
0.5600899365569263,-0.5566768210033276,Normal
-1.4432494613866984,0.013513602032410364,Normal
-1.4882296651515254,-0.6247545904213238,Normal
0.9125381985192584,1.276366352177248,Normal
1.4602826044561699,-0.29346069186235524,Normal
0.7417787290296028,-0.3164448234444933,Normal
0.5692592318247279,-0.056724483252420146,Normal
0.07988706585427455,0.2923941935378104,Normal
1.2147797423784121,1.1517543519958156,Normal
0.6303477370799114,-0.190307102929116,Normal
-0.9404640028978107,0.6492281124316397,Normal
-1.590389838335409,-0.4099317787166265,Normal
2.3630818525300605,-1.1840240234901702,Normal
-1.6369728223723632,-0.2252315713836151,Normal
-1.1751261585081263,-0.07369860569219627,Normal
4.30673104872107,1.6079992624432593,Normal
3.57507258586014,-0.1364512440865686,Normal
-2.963912607589267,-0.7581342500588208,Normal
-2.088671214172671,-0.15855155741904473,Normal
0.533431551103646,0.5461937881242164,Normal
-0.0034459341986063877,-5.785344556100353,Normal
-2.2242977980096033,0.2836919035117961,Normal
-0.2621642353581963,-0.35823728555423867,Normal
1.6865013977506225,-0.4624952023837156,Normal
0.9888584501793105,-0.3231757247283742,Normal
-0.3000485067088118,0.516221247134689,Normal
-0.16848072539802894,-0.14468080151654278,Normal
0.6476244517961535,0.5080081560267862,Normal
0.24719246839132458,1.1191076721641757,Anomalous
-1.9540322763935116,0.8210297547650581,Normal
-0.027170202841870245,0.7472264550112526,Normal
0.08794468695770702,0.044492827280608827,Normal
0.6694142190265109,0.7343793132852312,Normal
0.0902562769292562,0.4014467485023297,Normal
1.192673567926235,0.9483413273515907,Anomalous
1.3753121650893847,0.4633711616302138,Normal
0.5487798194488511,0.42897585776127,Normal
-0.06271918994265338,-3.9280498070851375,Normal
-1.2865144796085384,-0.24372678040704573,Normal
2.3747767027578663,0.7609690944892851,Normal
-0.8788159243601029,-0.8441315220958325,Normal
1.786542283139225,-0.12418963067006246,Normal
1.170457869839619,3.6676971034899077,Normal
0.8150253361942441,0.3255276149678475,Normal
0.36920412830453797,0.5898488821850043,Normal
1.434384386746136,-2.0751327449825325,Normal
1.455932864372372,1.8141010528239032,Normal
-0.20888192583035325,0.03916769652548359,Normal
0.5386378580782111,-0.48124148728871724,Normal
0.15240400308902982,0.5467261059555562,Normal
0.2113970181864108,0.11758867898631173,Normal
2.0183114715777313,-1.1687804194098421,Normal
0.7681687837227437,-0.7968434032326424,Normal
0.9694572258751615,-0.5125247231248264,Normal
1.1281725775133666,0.6283112593042919,Normal
0.3150704021218628,0.3069827228237295,Normal
-0.7053314354044738,1.0277787656796686,Normal
1.6070643941950256,1.781383495548242,Normal
1.9037691498314813,0.7271481754613051,Normal
0.40763885177246517,-0.2524738893254702,Anomalous
1.4808417369285016,-0.8302664614846818,Normal
-0.0978401288210278,-0.8498216828826123,Normal
-0.3865054907061113,0.17242353011917094,Normal
1.495980541794941,-0.37934785867172227,Normal
1.3024728715152751,-0.1944037495085829,Normal
1.6039073262924077,-0.5072595289629266,Normal
1.37792330999161,0.46680054803089954,Normal
1.851743118074435,-0.3094029341692489,Normal
1.0885191634381615,-0.6675001641766029,Normal
-0.770760821558896,-0.014692082024228824,Normal
-0.7878017546647587,0.25609938608242805,Normal
-1.240846686916801,0.7316169562459595,Normal
-1.1365306704677345,-0.6843318967538946,Normal
0.7184112446961524,-0.1293064109530046,Normal
0.2613649883958795,0.968958025485861,Normal
-1.610591473956644,-0.04003041289184142,Normal
0.13273336074766176,-1.6611021854845016,Normal
1.1863137710494636,0.5119612741002945,Normal
-1.3392140485654613,0.02623016111903433,Normal
-0.39641197724018745,0.5294098853439533,Normal
1.298892173905713,-0.8705322918673497,Normal
2.113823544181303,-0.8499769011853265,Normal
-0.8235486719144921,0.44497132010888985,Anomalous
-1.562053160013427,-0.3083824466390867,Normal
-0.22936160580365478,-0.3369237973613149,Normal
-0.03320094280252492,-1.1643877651857595,Normal
1.934416141677066,-0.3933943775717569,Normal
0.4230401718837988,-0.06505853028940244,Normal
0.1590726903068143,2.2392150239415174,Normal
-0.07311022275905676,-0.6606547071470529,Normal
-1.5656824836448084,-0.2173396899313022,Normal
5.014281521142047,-0.5134864860823852,Normal
-0.14190007125605753,-1.624584818831906,Normal
0.6124805304906963,-0.28784388813258827,Normal
-1.524306044182809,-0.4246913130988062,Normal
-0.38830038804806843,-3.5161767485331694,Normal
0.9022414208943352,-0.4033657366313038,Normal
1.8422201012919603,-0.9304890110911306,Normal
0.8277795099044626,-0.24487885196968073,Normal
1.2062384376351136,-1.298753904116799,Normal
0.7253653457228475,0.17962278995098996,Normal
-2.4748508213933187,0.3983802076779583,Normal
-1.8250016430210534,-0.06372416481290016,Normal
2.0133824740830857,-0.42357548095661673,Normal
0.16261848144048793,0.5674839456036008,Normal
-1.1187697138466843,1.209268874193277,Normal
0.6463240313898775,2.0490816905942646,Normal
1.0409305522316477,0.7516148037195128,Normal
-2.0247259878487927,-0.3069093302214783,Normal
1.7729518641388318,1.5319017466763836,Normal
1.7288840573624589,2.6963097271984284,Normal
-1.3050936674780278,0.2024290386451061,Normal
-1.0659639941756844,-0.5847287975644676,Normal
-1.7798046607017632,0.19572096503381803,Normal
1.1209711808407126,0.49072105065558624,Normal
1.6654459114329248,-0.7920674119722465,Normal
1.975645976461105,-0.3172511413266482,Normal
-0.19677566914889255,-0.844957730061864,Normal
-0.4885898625592243,2.002534216431057,Normal
-0.33078960688944703,-1.2468158466812282,Normal
-0.1437691167629478,-1.2600882475489352,Normal
1.6257196188546228,0.24579372089127008,Normal
-0.653190070543583,1.0981704362009748,Normal
-1.6964821410612885,-0.3472045478169984,Normal
0.2513435818745851,0.442767476974092,Normal
-1.1783951372500798,0.26896450031004154,Anomalous
0.677867865228674,0.751099173020947,Normal
-1.229139259723824,0.34253965571717604,Normal
0.31747866697821864,0.17605929786665317,Normal
-1.3783624591075168,-0.3711115271444339,Normal
1.0309178480171075,0.43350399233979514,Normal
-1.1876898916162737,1.3722282774959338,Normal
0.9748266723837097,0.22833458258073294,Normal
-1.583668753084994,0.19199654738195773,Normal
-0.13103792050533467,1.4160024041694386,Normal
1.0373078568588348,0.4498603268215525,Normal
-0.943566288522078,-0.34886519226784474,Normal
-1.6171151606578198,-0.3747955739249076,Normal
-0.7872870009734663,0.08706744630271245,Normal
2.0800754702619333,-2.057601980191589,Normal
-2.8816429555689114,-0.026013891704524703,Normal
1.157495453143009,0.6281996911790133,Normal
1.803094816249749,-1.384446393761211,Normal
-0.27926831077239034,-1.0548434558402822,Normal
0.2354601304249642,-2.42585913974542,Normal
-1.464829055842645,-0.2166548937099748,Normal
1.3891718765897323,0.01640558118214757,Normal
0.0294264947030032,-0.03975408011647382,Normal
0.10165485776113972,-1.1043862860746005,Normal
-0.21731108527894163,0.9508425935486836,Normal
-0.767213529734263,0.1466391267693014,Normal
-0.013646832183386394,0.35287109176375603,Normal
1.592622970623048,1.1030119393545637,Normal
-0.7605273959357478,0.9654356395210406,Normal
-0.15303477097210685,0.6181357784139017,Normal
0.031231419049054944,-1.5301297615880465,Normal
-0.4109239188577997,1.3308165475547997,Normal
-0.9500172553468988,-0.40034117155366017,Normal
0.6480787569554829,-0.7056032088579893,Normal
-0.93572373675985,0.5008817295059509,Normal
-1.0576539452728952,-1.0626166607100838,Normal
0.18587211893521605,-0.4078592274437477,Normal
1.0871186903796908,3.0194004565847625,Normal
1.2321022407587527,-2.1259644110994333,Normal
1.5340188736322755,0.19540049873833357,Normal
-1.6681206289923065,-1.0451174311354599,Normal
0.15841174818616266,-0.8265620409278025,Normal
-1.0133718689144635,-0.2010738097535643,Normal
1.0327459639387426,-0.6644903860637436,Normal
1.654312561089873,-0.5502158676203921,Normal
-0.23244059087569824,1.6640263832261877,Normal
0.7159790897274672,0.3737005102014637,Normal
-0.1693458710481518,0.028862999860151384,Normal
-0.7859977705425557,0.06902748468092607,Normal
-0.5892164800843025,0.32073656082500007,Normal
1.3898289371626789,-1.670185493858717,Normal
-1.1302547427663343,0.34655120012071916,Normal
-0.7143160087177411,-0.3324195072354025,Normal
0.8578742913684847,-2.1704563525885603,Normal
-0.7037376773349359,0.7638439895652736,Normal
-0.6714732818902335,2.010245264600806,Normal
0.9895240072227808,0.7450134735359515,Normal
1.2536595693894927,-0.033610510223982946,Anomalous
-0.037229233629457056,1.0211654989865606,Normal
0.8670865884424219,0.17727126324377512,Normal
0.037537161736728636,-0.163527980510906,Normal
-0.9458939657299836,-0.1298759942638504,Normal
0.9575654176638461,0.24625239903815768,Normal
0.5442604910468225,1.9759234957844565,Anomalous
-0.43871195542007674,-0.7558122717498965,Normal
0.3755277850441613,0.5545097033227012,Normal
-1.1880549313230209,-1.4310200873659489,Normal
0.5261903197508145,0.7086372169432347,Anomalous
0.3311467209308554,0.5238521141737196,Normal
-0.6775163848416762,-0.38026087743318243,Normal
-1.5519725985055588,-0.45076222420011003,Normal
-1.4265628361535954,0.47149477352585306,Normal
0.20057341390109013,-0.3535210931372037,Normal
-0.29504204430162206,-0.8890499622057809,Normal
-0.7279897844446827,2.687574902156402,Normal
0.2874403521171366,0.7879964113377252,Normal
-1.8939721301895927,-0.22941990529985415,Normal
-1.0374278002600288,0.8221237273440376,Normal
1.8977403924879395,-0.47342909799430427,Normal
-1.4604435895252772,0.2825606314355243,Normal
0.3605092622009778,0.36861404996319047,Normal
-0.1471678813315122,-0.024128503926894956,Normal
2.594563422603796,1.2670152850195888,Normal
-2.1980793244145067,0.06997229232759457,Normal
1.6481186053979544,0.20662137765699556,Normal
-1.4347840966152083,-0.6053184301066511,Normal
-1.3478167143174509,-0.023654831273564117,Normal
-0.2314776071269337,0.14734851842050078,Normal
0.09008184240500641,-0.4472075359868173,Normal
1.8518238298079597,-0.19415152333386662,Normal
0.43067788995300355,0.8419126000804056,Normal
0.3884362216277517,-0.29377033143750575,Normal
0.24759558094134507,0.7130777920232211,Normal
1.103139847220157,-0.2814300327609199,Normal
-0.22661514872770477,-0.6678825851275206,Normal
-1.527888516527736,-0.3177924788880294,Normal
-0.02074515891237526,-0.5976580493174091,Normal
-0.6765457187489328,-0.1304734027356697,Normal
-0.9831614890111007,0.5630942928981507,Normal
-2.4669503809402844,-0.5948748273926847,Anomalous
1.0305402936584152,1.7395689470592854,Anomalous
1.7236352574964624,-0.5133062397607426,Normal
-0.2682565823133673,0.9948817107585437,Normal
-0.4025465670658723,0.31548604629123655,Normal
-3.4289155341199633,-0.2285957759985246,Anomalous
1.866193099375871,-0.19274815835216483,Normal
0.9887753211495446,0.5276086389913266,Normal
-0.221239756405745,-0.21575267326612976,Normal
-1.1057805458556262,-1.033442515985795,Normal
-1.2861847775913935,-0.34696609265764716,Normal
-1.9638801316212406,0.8964941485782477,Normal
-1.4305263951592777,-0.32128590403205226,Normal
1.4416690667892524,-0.14953535811138322,Normal
1.1389559747863094,1.5181130157145208,Normal
0.15074474388633421,3.447483621376047,Normal
2.7619287336536997,0.2957677380065747,Normal
-0.9804203829905759,-0.42992981959213517,Normal
-1.6460607566942715,-0.88925136516633,Normal
-1.2845143725117683,0.9181235725543414,Normal
1.5604358581269329,-0.40230734226692877,Normal
2.4248731841474394,-3.1664535174854795,Normal
-0.6942064747576495,-0.5548155304523257,Normal
-0.5187382752543824,0.14512374324901475,Normal
-0.49701160020335294,1.560705718487716,Normal
1.020872381491489,1.1633383644778164,Normal
-0.023930911807245256,-1.4090523771912518,Normal
-1.6003901018220212,-0.05456059944048831,Normal
0.9150441098717238,1.640613648651984,Normal
1.7324081004654748,-0.11570622246328614,Normal
1.2935011320100747,-1.7579469849771123,Normal
-0.8232969835159387,0.10008890453417374,Normal
-1.4095818512582758,-0.6677137880224181,Normal
1.1619012860303797,0.8190330899965229,Normal
0.07420934605806001,0.20199415422598777,Normal
3.3754548977165943,-0.797531408335945,Normal
1.3274385477033208,0.8228697651337379,Normal
1.063418457563463,1.1573303547381897,Normal
0.9596250601906727,-1.2279437562234745,Normal
0.6044707676294879,1.1338806836934991,Normal
1.1708154056473266,-0.34908146555286507,Normal
0.49992283800033377,-0.5014645202281101,Normal
1.4140458736059063,0.29172592122980345,Normal
-3.0791890165973625,0.3177658507378574,Normal
0.600919993696811,0.9239680775400742,Normal
-1.2521603894452102,0.04588903554042733,Normal
-0.26482013932680293,0.9007821971916197,Normal
-0.5047294167201828,0.04902161281363482,Normal
-1.1534248666090579,-0.3914007527634475,Normal
0.044280419256387434,-0.48339490499006416,Normal
1.0684565187623791,1.6440232491909155,Normal
2.036761563553598,-2.4125817624547516,Normal
-0.9589738464995028,0.5816095040976641,Normal
0.4157083500662982,-0.832278884777015,Normal
0.5336675416239726,1.0279871616727125,Normal
-0.6079569853927432,-0.5737047016779545,Normal
1.0999436736391852,-1.222838306256573,Normal
0.31538950559310686,2.8824249272912685,Normal
-1.8371646393067482,-0.393060482777087,Normal
-0.7383594509024632,0.6283953537658203,Normal
0.01492804457560466,-0.559642758222979,Normal
0.12609904533422212,-1.9862538473123703,Normal
0.5786429347016196,-0.35767131023984444,Normal
1.8747022670817444,-1.0323156246499607,Normal
1.0580703127827247,1.2181762873406334,Normal
-0.3911165045587169,-5.044903396196879,Normal
0.2786663038472191,-0.5415985935496307,Normal
2.113617177736016,-0.7623678368407467,Normal
2.2769371211416414,-0.3385803865502427,Normal
0.029426494703006612,-0.039754080116471045,Normal
-0.851892728905312,0.06521058660071252,Normal
0.5808364521850047,0.1122061677121635,Normal
1.4357214919470143,-0.47963501774523365,Normal
-1.5599026827033036,0.7028612863306876,Normal
0.21679774475094368,-0.20585263503176865,Normal
-0.7613601800807162,0.4494020968996557,Normal
-0.48631402990016853,-1.67722728210314,Normal
-2.0984466321090114,-0.2561544083065914,Normal
-0.24725539453900164,0.27077537546638275,Normal
-1.0909715633013,0.18439020159087183,Normal
1.0583845025554492,0.4948795388286904,Normal
1.4312540472718247,-0.8566799801656988,Anomalous
0.773053222785803,0.6531824845142234,Normal
1.425846120590554,-0.856266950539516,Normal
-1.918652880305995,0.9399741101063728,Normal
-1.1839227522249085,-0.8037933092747915,Normal
-1.0436516082640441,-0.37069966687090194,Normal
0.13618897508747196,0.3842883280678274,Normal
0.8299448011058956,0.9980087158242493,Normal
1.1400820717058457,0.5482402602600677,Normal
0.5072778214890767,1.4910552753911643,Normal
1.4939290128371496,-0.09729581040140393,Normal
-0.6351989417053995,2.025455525389074,Normal
1.669146810692655,-1.9491510134201468,Normal
-0.18696630164538844,2.584998843967341,Normal
-2.4265914469806553,0.001506546638236161,Normal
0.8070149127769566,-0.3012217141426815,Normal
0.3460580868810969,2.39021926925534,Normal
-5.734640177157894,-1.2185449266129906,Anomalous
-0.5112177650629779,2.425581895120678,Normal
-0.40762251755957146,0.7600038146381182,Normal
-0.5486255680247908,-0.43903692624302987,Normal
0.45875450170503723,0.7267286035704783,Normal
-1.6086607366465193,-0.05686868942842783,Normal
-0.5657593146751815,-0.13004342824898177,Normal
-1.1509599457810191,-0.5154782344533989,Normal
1.9590970069932534,-0.9202699728490153,Normal
-4.261661972722391,-0.23926399203005821,Anomalous
-0.45811161962507035,1.059818528162592,Normal
2.790167378935642,-0.8345082864929637,Anomalous
0.9567765316957516,0.5776226849323165,Normal
1.580986614343373,-0.11383607374509531,Normal
1.446624282192358,0.1661484848768261,Normal
0.892191704927136,0.3475348441451481,Normal
0.2242443218791976,0.12429816371191531,Normal
-0.7065410339746856,0.12221393374088575,Normal
3.0733134741631702,0.5848026102954174,Normal
-0.4454214841600614,0.8321451323128302,Normal
0.5952968826921063,0.6026194397406682,Normal
-0.08649021579575986,0.417955513293878,Normal
-0.8821372995307687,-0.35696775643226697,Normal
0.38540645537583706,1.0940018518884234,Normal
-3.7332313087345526,0.1541084538512911,Normal
-0.739798256187233,0.0982575657130161,Normal
-1.4379786716790404,1.563675205894203,Normal
-0.3479607434584421,0.46287233212652956,Normal
-1.4075875185378064,0.2656510798530856,Normal
1.0926641391871572,-0.10818339398708393,Normal
1.589136023203677,0.11026947913889591,Normal
-0.628685594397397,-0.7620918553051853,Normal
-0.922256549792174,-1.4701608508550108,Normal
-0.085788368247495,0.18716602695564033,Normal
1.935757697403618,-1.7220706918984192,Normal
1.3338793194702256,-0.21554763611374947,Normal
-0.2652957717069393,-0.05862783110694144,Normal
-0.639553690301988,-1.0118732159189787,Normal
0.17472881188596054,-0.017152948714536292,Normal
-0.9365382827166203,-0.5132971752635275,Normal
-0.5277522782504085,0.37929502262556125,Normal
0.3449542958743856,-0.6494820865999126,Normal
-0.8558904996613009,-0.9398592001305871,Normal
0.2199851956456428,-1.864320914580642,Normal
-0.960552583725351,-0.12111780581179564,Normal
-1.394221713229007,1.2933689550299898,Normal
0.8915814571648402,1.1541658574108205,Normal
-0.4683295289105041,-0.9303200751271348,Normal
-0.19202060685074404,0.2765750325000129,Normal
0.2448499457638983,-0.4542500916701894,Normal
0.8440979411935869,1.1589390279962393,Normal
-0.04834847800942996,1.276280937305203,Normal
-1.1035499877368455,-0.7338847716578172,Normal
-0.471639307551212,1.0385665860526174,Normal
0.5397356920403733,-0.41946373268121545,Normal
2.169054748112215,-3.0357965938593585,Normal
1.4056808487602577,-0.4811986235413145,Normal
0.12193358542442695,-0.44339921911472263,Normal
3.1412917286356405,-3.0186041680619207,Normal
-1.8471151088561872,0.8202032906856106,Normal
-1.034895997979924,-0.6418137387673278,Normal
-1.5486501555911816,-0.17393889060554885,Normal
1.0615153221064286,-0.002311108212541268,Normal
1.3384046574685875,0.1681711551299887,Normal
-0.7844205906020489,-0.8709870805176483,Normal
1.5414052051579246,0.2307384417264126,Normal
0.7833614677233316,0.1498657096852415,Normal
0.3905127932490315,-0.7498838019118399,Normal
-1.661020135122704,-0.3423737259981418,Normal
-0.24879481805388703,0.2528922391799754,Normal
1.461576667874971,-0.8244177130173376,Normal
0.9483158850858702,0.5026868139032282,Normal
-0.5587400748449179,-0.19363997258680016,Normal
-1.5464969793216534,-0.14507467171112481,Normal
-2.6940626431931762,0.03517270590465104,Normal
-0.029928814870227118,0.30083268510714034,Normal
-1.468236806765315,0.5547061101860686,Normal
-0.22613506541375536,-0.17332440528649476,Normal
0.04966610344581031,-0.5601554323611722,Normal
-2.0200698863929447,-0.22729774274980538,Normal
1.341387769097639,0.8189320973146345,Normal
0.541712737027677,-0.060365495264496596,Normal
1.0049029733447319,-0.6866954517244476,Normal
1.2413949501125765,-0.60485872116083,Normal
-0.5952949080024506,0.3576003951332682,Normal
0.397777697619961,-0.10885290271555974,Normal
1.4006976679395147,0.05683552882702453,Normal
1.7565999335585802,-0.15663745259263193,Normal
1.5334647259079286,-1.5550849957768402,Normal
2.1909810742224836,-3.0574355211185584,Normal
-1.0665433991822222,0.14611704752504737,Normal
