x,y,label
-42.3051,3.6743624,Normal
16.400675,19.662115,Normal
41.224068,-1.1240062,Normal
-12.159156,21.219076,Normal
-24.906199,8.873185,Normal
-19.779514,-28.759422,Normal
28.03746,-1.9039636,Normal
3.5793989,-0.7101417,Normal
-5.607491,-10.554742,Normal
25.980888,-13.014763,Normal
-19.044178,27.318342,Normal
-40.43384,-27.652315,Normal
-22.133263,-19.217884,Normal
23.378756,21.488338,Normal
34.409473,24.346157,Anomaly
27.388206,11.7353735,Normal
0.96821314,45.178753,Normal
28.773329,-25.91476,Normal
-2.9896739,-0.30733374,Normal
-4.5694313,-33.742023,Normal
13.973221,11.867057,Normal
5.5775065,25.882942,Normal
36.748405,-7.4303565,Normal
-17.554152,32.79682,Normal
-13.517234,19.976782,Normal
-5.3038707,19.757467,Normal
-5.750836,-5.543948,Normal
-2.094485,-20.53919,Normal
19.384579,9.176991,Normal
30.79035,-4.7140403,Normal
-27.624859,-4.2274656,Normal
15.691677,-13.824455,Normal
39.69137,-7.908141,Normal
30.045141,-5.657988,Normal
15.5622635,-12.58535,Normal
-4.6657896,46.041725,Normal
43.659916,-13.591542,Normal
38.751007,-1.0870484,Normal
-30.064104,-6.307313,Normal
-25.442587,-32.406906,Normal
7.7212186,-5.592981,Normal
-41.377617,-12.950255,Normal
-32.43396,9.677689,Normal
3.009987,25.150644,Normal
-6.3363795,26.809929,Normal
25.566366,28.409056,Normal
39.372486,-10.919925,Normal
32.35023,-29.32131,Normal
-37.512,-9.383668,Normal
-2.934726,14.746342,Normal
-15.468031,19.728346,Normal
-0.8398588,-4.8677287,Normal
-9.835801,19.69947,Normal
-5.174562,-13.513952,Normal
13.779736,15.826743,Normal
-6.1929545,-9.040586,Normal
-43.891403,-0.733902,Normal
21.667416,-26.44435,Normal
23.104122,21.29477,Normal
28.963446,30.207119,Anomaly
29.63852,24.29379,Normal
7.8847666,-8.965923,Anomaly
47.37625,2.7942176,Normal
5.323748,-17.8225,Normal
-39.624832,-6.0210347,Normal
26.207214,-6.4556475,Normal
0.22756995,-5.9936676,Normal
-21.632906,16.08532,Normal
-0.14828378,-19.36223,Normal
31.821009,-4.5330806,Normal
38.232956,19.77697,Normal
-38.018703,-8.1688595,Normal
14.039373,0.98844296,Normal
16.165854,-31.885199,Normal
7.168839,-8.269741,Normal
25.06713,34.701183,Normal
-38.88283,-16.053448,Normal
-19.767508,-15.663002,Normal
4.6260395,-0.8967348,Normal
-8.19121,-8.030337,Normal
-40.026165,20.111326,Normal
32.92054,-1.3050205,Normal
-44.36248,-36.018593,Anomaly
-20.841618,-3.451003,Normal
-4.3498416,14.375329,Normal
-45.755604,-7.8708825,Normal
2.3731246,-16.688662,Normal
34.06988,-16.191011,Normal
2.3375916,-29.742826,Normal
-31.633257,7.7539215,Normal
-20.440945,26.666073,Normal
-21.782207,23.422903,Normal
-2.9125586,3.048072,Normal
6.185941,-10.745355,Normal
-8.916074,-4.6114955,Normal
-9.765239,8.870919,Normal
-37.459484,-28.129782,Normal
-21.025047,-19.265057,Normal
-37.42765,18.191898,Normal
-13.1088295,-12.165641,Normal
25.591839,34.137787,Normal
31.672419,-14.443697,Normal
19.988827,5.886324,Normal
-29.056492,2.882637,Normal
38.233047,-22.854553,Normal
-11.068978,11.282274,Normal
23.888739,28.576149,Normal
-25.855568,-3.123623,Normal
32.40727,-14.669248,Normal
-3.3700023,-16.151197,Normal
40.011932,-8.450631,Normal
42.28782,-10.900435,Anomaly
-36.62247,18.261303,Normal
-37.760777,-25.593283,Normal
29.38237,-34.35988,Normal
28.402245,-25.25758,Normal
36.87941,-14.878433,Normal
-29.496933,-9.227663,Normal
-25.131151,14.349523,Normal
15.631727,23.111626,Normal
-3.2670972,2.4881968,Normal
4.896823,-23.13725,Normal
6.55171,21.20783,Normal
28.973152,1.5331291,Normal
-17.676388,-10.729576,Normal
37.728046,-7.5060024,Normal
-10.597577,20.962103,Normal
26.07131,34.44491,Normal
0.28983855,12.980388,Normal
25.489954,-2.8073843,Normal
6.820117,8.46631,Normal
-5.1918707,7.709601,Normal
-24.298645,13.584457,Normal
18.669806,-21.123655,Normal
27.093843,14.0147085,Normal
6.0559916,-6.6862497,Normal
-24.19541,-10.432973,Normal
-28.010386,7.0647564,Normal
-30.286955,7.6070457,Normal
-24.767878,-16.534954,Normal
26.248035,-13.272925,Normal
24.586761,-5.7193537,Normal
-15.773154,26.756783,Normal
29.057653,22.93762,Normal
-10.194547,24.436192,Normal
35.107582,-6.075465,Normal
-8.910829,-5.2122774,Normal
-2.4370403,-21.539145,Normal
13.890646,8.629586,Normal
38.76564,-1.9346116,Normal
43.898834,11.636402,Normal
11.193497,20.434944,Normal
17.747555,-16.98822,Normal
-17.320288,4.38291,Normal
-38.88231,7.946142,Normal
48.189423,5.398175,Normal
12.849438,1.213329,Normal
43.221516,-7.147149,Normal
-38.36186,-23.084023,Normal
16.683119,-18.327738,Normal
-33.82643,-19.008896,Normal
-22.485985,6.4331636,Normal
-9.871754,18.830286,Normal
-35.206844,-27.811665,Normal
-28.091185,-19.815367,Normal
-25.251308,15.778671,Normal
36.194347,-5.905995,Normal
31.730272,-31.184334,Normal
23.377409,9.486432,Normal
17.08765,18.687498,Normal
-9.287076,-8.533585,Normal
-20.611784,11.010743,Normal
-5.387633,27.606262,Normal
-2.1630871,45.156445,Normal
29.896673,25.071707,Normal
16.49717,3.3933728,Normal
30.047924,-3.99014,Normal
-1.0008862,-33.81409,Normal
-17.461567,38.27429,Normal
-17.80863,-32.123444,Normal
38.236435,20.042534,Normal
-40.32466,-29.419426,Normal
23.024033,-24.549877,Normal
-0.040267695,21.404312,Normal
-6.8184433,43.692924,Normal
17.949245,4.478378,Normal
-8.329487,19.24016,Normal
-8.506883,45.99343,Normal
3.9379432,-38.016216,Normal
-12.967396,7.672657,Normal
-45.4594,-0.5254091,Normal
24.017206,6.3719296,Normal
-5.305751,46.765102,Normal
-20.666136,-15.48356,Normal
-15.632426,21.919643,Normal
5.5735974,-38.00265,Normal
-25.10257,9.926709,Normal
-19.682129,-15.986547,Normal
26.37957,-23.052261,Normal
41.328365,-1.4730335,Normal
-43.71576,15.951343,Normal
-6.1224637,28.034685,Normal
24.614717,6.027596,Normal
12.2433195,11.328819,Normal
30.256582,21.656195,Normal
-20.41917,23.331404,Normal
-30.853298,12.142743,Normal
16.941416,2.237428,Normal
9.219335,-13.93722,Normal
16.822361,-30.557615,Normal
8.420483,17.230547,Normal
-2.912573,-10.162217,Normal
-33.083572,2.9784932,Normal
28.71623,2.784396,Normal
-16.824852,27.330173,Normal
-32.35867,25.542654,Normal
20.879192,24.217281,Normal
-6.6790824,12.718359,Normal
20.047878,-18.021767,Normal
12.201663,-25.063114,Normal
9.11745,-34.526024,Normal
23.337818,-25.327698,Anomaly
-33.16273,22.901451,Normal
-44.131584,-36.606945,Anomaly
-34.150414,-13.280518,Normal
25.868742,-29.602024,Normal
-17.817097,35.507,Normal
20.301004,25.010504,Normal
-9.54104,-20.153965,Normal
32.965843,-30.791374,Normal
0.61930394,-31.002337,Normal
-40.625675,11.894818,Normal
11.967413,8.163183,Anomaly
19.745007,-1.9404525,Normal
1.4667923,29.571568,Normal
51.73145,7.391433,Normal
45.36057,6.9306417,Normal
-21.814655,23.713232,Normal
-34.991413,-6.1501203,Normal
17.428999,0.17054844,Normal
26.738684,-25.960804,Normal
36.05398,0.40296355,Normal
-0.13720691,-2.5295951,Normal
39.347218,7.825781,Normal
6.8428802,-4.310599,Normal
-21.45566,-5.3104997,Anomaly
-41.5446,-34.87927,Normal
-42.199127,-35.029,Normal
-40.67821,-16.08354,Normal
34.526806,24.56513,Anomaly
37.007553,-5.5671873,Normal
-31.327784,-15.041691,Normal
-42.304626,9.462409,Normal
-22.346973,-14.876879,Normal
2.9522045,-11.631433,Normal
18.083933,20.27317,Normal
47.34122,10.80898,Normal
-8.621362,44.243973,Normal
-40.485344,-22.984722,Normal
4.8559184,30.284327,Normal
-23.49095,-27.663042,Normal
24.160444,-12.335154,Normal
48.27152,4.1818066,Normal
-42.347794,-31.40171,Anomaly
46.17663,-13.735358,Normal
-6.362493,9.399027,Normal
24.378197,12.795014,Normal
-7.6405034,26.636059,Normal
34.48912,19.574606,Normal
-40.052635,-2.7276487,Normal
26.149895,12.034383,Normal
14.387407,9.595234,Normal
2.3278868,-20.084959,Normal
1.5123385,16.738941,Normal
4.1543217,0.41473806,Normal
37.818214,-8.903647,Normal
-1.6740935,-4.5669103,Normal
-32.67907,23.401634,Normal
-37.380955,-0.119969025,Normal
-8.308543,26.972828,Normal
6.007582,14.481574,Normal
-35.696926,7.8886824,Normal
49.52017,8.863431,Normal
9.4094515,18.356201,Normal
50.762817,8.94764,Normal
-19.420118,5.7775784,Normal
39.60646,7.3200183,Normal
31.707867,-22.944078,Normal
31.426619,-12.96643,Normal
30.231157,28.995516,Normal
0.5607295,14.217438,Normal
37.43683,18.952936,Normal
31.564558,3.6204655,Normal
-28.010183,-20.567053,Normal
-35.431126,-7.0489936,Normal
26.759432,10.334898,Normal
26.540472,20.966515,Normal
-19.48142,12.671226,Normal
-0.24520418,-4.122528,Normal
-29.868216,-12.70902,Normal
35.615295,-17.74981,Normal
27.059038,13.476755,Normal
25.058475,-28.886456,Normal
25.083143,4.713737,Normal
-3.3521495,-22.001205,Normal
-28.731009,-24.46563,Normal
25.262861,24.76333,Normal
-30.668375,23.450552,Normal
-38.972645,11.874315,Normal
12.538941,16.5209,Normal
-16.764877,-28.217148,Normal
15.174023,11.18979,Normal
-23.931189,-21.454628,Normal
3.1595614,-30.078186,Normal
44.665955,5.086247,Normal
37.636253,-15.618479,Normal
14.300759,3.6556072,Normal
12.89988,30.740124,Normal
34.647667,-16.725422,Normal
8.417112,-33.849785,Normal
-41.741127,19.567362,Normal
-3.07774,-0.60404956,Normal
18.561117,-15.199777,Normal
-30.044624,3.4621787,Normal
-32.326256,-15.016213,Normal
-23.232038,25.19007,Normal
13.715024,-34.214283,Normal
-27.044563,-8.531836,Normal
4.1376376,-9.181035,Normal
-42.40022,19.42046,Normal
-45.542004,-6.1722226,Normal
-34.033226,3.1643047,Normal
-5.5812364,-31.997046,Normal
41.047516,6.333518,Normal
10.866942,-4.080463,Normal
-24.734858,5.1579914,Normal
-40.923668,11.113092,Normal
45.011917,-1.8951583,Normal
-27.396671,17.07781,Normal
-35.31842,-13.81723,Normal
1.5727763,20.944118,Normal
-42.499702,-10.618133,Normal
-14.627597,24.030176,Normal
26.13544,24.53691,Normal
16.754122,-17.23015,Anomaly
24.289776,13.901881,Normal
37.67055,-6.996969,Normal
27.14607,-30.246727,Normal
-39.4294,-20.375414,Normal
-32.384933,5.440952,Anomaly
31.224789,-28.878162,Normal
1.7971191,-5.4065676,Normal
24.762262,24.25453,Normal
-14.185238,-18.845615,Normal
0.25771436,2.1521428,Normal
7.2924805,26.355156,Normal
-3.9753263,-22.170383,Normal
7.3701096,-39.79787,Normal
-33.260113,-13.720193,Normal
-18.482584,-0.6456976,Normal
21.281708,-25.306904,Normal
45.536068,-4.4230475,Normal
-8.705634,10.080154,Normal
39.198475,-1.7040966,Normal
-42.056152,-36.538433,Normal
2.8326519,-18.269316,Normal
0.44382444,7.8063364,Normal
-9.3477955,9.065438,Normal
-10.306468,10.628704,Normal
8.761498,25.61336,Normal
-29.443108,25.876966,Normal
-2.1574056,-9.86229,Normal
-9.690645,-6.5518513,Normal
10.055878,-38.64128,Normal
-42.558628,-35.645573,Normal
-20.571718,12.313566,Normal
34.87285,-23.668629,Normal
36.020493,1.2509485,Normal
1.3611802,6.023835,Normal
32.64857,-26.875887,Normal
-5.0531616,32.661407,Normal
28.858019,-1.8380852,Normal
-43.85421,16.657505,Normal
-1.9554383,-37.431423,Normal
21.95283,-13.347163,Normal
-28.759693,13.779986,Normal
30.054893,-17.74334,Normal
25.65888,-22.400686,Normal
11.100626,-8.346719,Normal
46.1428,-5.4201813,Normal
-0.004569528,18.660025,Normal
2.6162007,-30.427727,Normal
-40.85652,-16.134317,Normal
-29.489174,-5.879776,Normal
-5.8305907,15.467501,Normal
-2.059876,19.2129,Normal
-34.23858,-18.713783,Normal
23.764893,-16.238573,Normal
-3.9603848,13.799126,Normal
-18.672728,-34.77707,Normal
-13.672876,-8.02125,Normal
-39.51513,-23.228685,Normal
-27.340685,22.685053,Normal
27.690264,-31.986147,Normal
33.383896,-1.09788,Normal
14.602429,26.302366,Normal
29.690144,-16.541166,Normal
-20.765179,-18.043114,Normal
11.458708,19.468094,Normal
-24.438751,-14.387893,Normal
-25.096043,25.00589,Normal
-15.360464,30.024717,Normal
-1.8240705,3.150069,Normal
-28.05112,-18.211475,Normal
2.9736612,-0.6194644,Normal
23.9611,9.498498,Normal
-7.937237,22.704777,Normal
-44.302074,3.6401196,Normal
-15.849332,-30.159393,Normal
-17.589125,30.060974,Normal
42.299084,-8.969733,Normal
-42.07556,11.283198,Normal
-0.74382967,-31.481548,Normal
15.547352,4.697589,Normal
39.88962,3.2344487,Normal
39.965206,-7.15863,Normal
3.5651102,-2.2987204,Normal
6.836994,-16.500742,Normal
0.80505145,-29.287045,Normal
-7.7717185,30.276571,Normal
39.031517,-11.442014,Normal
-29.96673,4.094144,Normal
8.500477,7.9878626,Normal
-27.941511,-15.07903,Normal
9.465572,-8.642304,Normal
26.560368,-28.342934,Normal
-28.903055,10.297443,Normal
2.198321,25.005796,Normal
1.3116302,-30.317453,Normal
13.84981,18.609755,Normal
-23.415781,5.5684047,Normal
23.352104,32.891827,Normal
-14.530524,-16.204777,Normal
4.0532146,-22.552197,Normal
31.02924,21.827991,Normal
23.983755,5.71575,Normal
29.733229,-3.00704,Normal
-42.214497,-32.837627,Normal
0.40200436,-40.51285,Normal
-20.02724,-35.422726,Normal
-0.644398,-6.9691453,Normal
-2.3175554,28.329885,Normal
-13.231137,18.133064,Normal
-1.0776069,42.756996,Normal
-28.21557,-26.614511,Normal
17.271793,22.620226,Normal
29.274069,-32.166428,Normal
25.564323,-22.55114,Normal
-44.824196,2.8595977,Normal
12.708507,-29.410881,Normal
-30.622713,21.205404,Normal
-2.9651036,1.2453653,Normal
-12.036433,-19.036478,Normal
-44.03386,16.151682,Normal
28.852568,-22.94373,Normal
11.719633,33.270557,Normal
-19.790056,-29.481339,Normal
-2.199771,45.49549,Normal
45.70118,-4.711763,Normal
-7.8793187,-17.92899,Normal
-37.195568,-24.897196,Normal
-2.2598896,26.038385,Normal
-10.287199,-16.455128,Normal
-0.15043545,1.8417943,Normal
-27.105215,-30.102629,Normal
-43.27462,20.321272,Normal
-39.206135,5.350657,Normal
-37.656628,-7.931032,Normal
-27.18299,-2.931725,Normal
9.8885145,14.875182,Normal
-35.612312,-29.883284,Normal
41.094044,10.806563,Normal
-30.797102,9.276435,Normal
-43.131794,18.51214,Normal
-38.588264,-8.988806,Normal
-39.257168,-19.86181,Normal
16.54055,1.7714759,Normal
-34.612038,13.002966,Normal
-18.833105,33.948933,Normal
35.325535,22.673864,Normal
-22.157944,-14.046967,Normal
-15.3617735,22.240425,Normal
-39.785576,-9.457882,Normal
29.6975,-16.6655,Normal
24.924593,32.409565,Normal
-34.131306,13.325799,Normal
-10.756494,-14.242983,Normal
16.822401,-11.738059,Normal
28.513256,25.46231,Normal
-6.0199103,30.143719,Normal
-1.2480797,-11.487882,Normal
14.885697,27.643742,Normal
-7.678126,-30.393238,Normal
-8.350548,17.185812,Normal
8.082727,-37.965984,Normal
6.3153777,14.764668,Normal
1.6490538,24.690512,Normal
29.898485,29.495798,Normal
21.81038,-15.424662,Normal
-36.122967,17.539509,Normal
17.70631,22.026617,Normal
-40.66984,9.002493,Normal
35.631523,11.862586,Normal
-15.497389,-31.221258,Normal
-29.384893,11.152226,Normal
43.541157,10.075545,Normal
-20.607952,-9.74917,Normal
-7.3962083,28.8567,Normal
-2.3797596,37.72271,Normal
4.935375,17.018454,Normal
18.819977,-22.372398,Normal
31.599566,3.719921,Normal
-19.389565,-0.3665152,Normal
-13.174693,-10.5889635,Normal
24.110828,9.323542,Normal
43.53657,-15.241086,Normal
23.642714,20.93085,Normal
-43.418514,9.136296,Normal
27.793232,-27.064335,Normal
-25.130089,13.873437,Normal
-7.6338634,5.833871,Normal
41.167976,-11.061736,Normal
11.395578,-36.84027,Normal
-23.01006,-15.169963,Normal
-3.2294743,-15.603408,Normal
31.503891,-15.425486,Normal
-7.311855,44.349556,Normal
30.603107,-1.688947,Normal
-42.84558,20.060106,Normal
-22.327927,7.034094,Normal
-31.739697,14.999775,Normal
24.347553,-3.9572537,Normal
40.798218,-8.6187105,Normal
-41.337738,-34.379047,Normal
2.016847,-2.3177025,Normal
-5.93982,45.19946,Normal
35.069252,23.75323,Anomaly
-22.878075,24.553772,Normal
-11.289758,17.15899,Normal
46.018726,1.8838797,Normal
29.718582,1.5245863,Normal
29.012926,26.623476,Normal
36.74186,-26.260798,Normal
-35.39678,-0.5765952,Normal
-35.598743,-16.86227,Normal
-33.17771,7.2818384,Normal
18.665184,9.272239,Normal
11.933101,-32.333633,Normal
-40.82858,-24.266148,Normal
8.455642,16.81618,Normal
9.445884,19.419003,Normal
-16.104855,21.524649,Normal
-12.090604,31.915401,Normal
-7.1618476,-17.286066,Normal
33.03846,-35.930584,Normal
0.80337304,-6.888205,Normal
46.91917,8.344898,Normal
-30.064066,-6.3072915,Normal
1.1801169,-37.21548,Normal
-6.763384,9.542321,Normal
-20.450592,-13.796514,Normal
43.292618,1.038845,Normal
24.539833,32.591686,Normal
-7.277693,-32.376644,Normal
0.7304504,4.5138454,Normal
-45.755775,-7.8708944,Normal
23.316166,6.520529,Normal
-28.215712,-26.614487,Normal
13.74977,21.309723,Normal
-5.6555657,47.269062,Normal
44.824444,-6.3643537,Normal
-34.66235,-27.765831,Normal
17.35049,0.84261817,Normal
-42.076553,18.504915,Normal
-9.157327,29.86127,Normal
-16.986292,35.399326,Normal
-28.793486,-27.728075,Normal
-17.958693,37.637833,Normal
-36.158382,-16.709127,Normal
-2.9502943,1.8040181,Normal
-38.336147,3.8695018,Normal
38.785572,8.731356,Normal
-43.630722,3.5889168,Normal
24.064949,-14.434263,Normal
35.74196,-2.5977514,Normal
-43.522346,-36.63504,Normal
13.816509,21.780495,Normal
40.08714,20.90412,Normal
-14.446487,31.838778,Normal
-17.716335,37.70355,Normal
-17.088175,-8.823814,Normal
-25.417986,-26.54091,Normal
19.16345,24.348526,Normal
42.814064,-2.477393,Normal
-1.0852832,-21.98889,Normal
17.488478,2.9958727,Normal
-17.821455,-9.615753,Normal
15.972838,-9.923998,Normal
27.408916,-32.767666,Normal
-41.893246,20.726011,Normal
21.566751,-20.368202,Normal
3.3181763,-29.926119,Normal
-11.105894,-18.049274,Normal
-39.63463,11.769739,Normal
1.392256,-39.959347,Normal
48.494396,-11.64659,Normal
11.53185,-26.410656,Normal
21.475615,-16.179396,Normal
15.086661,19.473293,Normal
-37.229782,4.7391376,Normal
-8.310554,43.50058,Normal
-31.244326,21.328884,Normal
35.92636,-10.3582,Anomaly
-40.217205,20.223444,Normal
33.641922,18.791582,Normal
-11.409341,5.774624,Normal
-11.606446,8.565135,Normal
34.772583,-26.351498,Normal
33.182484,-9.9161625,Normal
-28.491467,-24.739279,Normal
-7.8048897,-16.610062,Normal
-26.233688,4.647831,Normal
8.182696,-35.595753,Normal
-37.087765,3.2280188,Normal
1.7824843,-0.64471036,Normal
20.10715,-17.54224,Normal
25.427109,-2.8072307,Normal
-8.10475,-7.5019393,Normal
3.2741284,-33.36141,Anomaly
7.624358,19.385157,Normal
-39.12741,-23.287914,Normal
-25.665756,-4.7114677,Normal
30.630764,-29.345448,Normal
-18.559326,4.2726803,Normal
20.111652,-25.626146,Normal
-7.95938,-31.556969,Normal
18.427288,7.4285245,Normal
27.477793,-4.7944913,Normal
-13.0759535,19.376234,Normal
7.7834573,-28.193186,Normal
8.624054,18.695543,Normal
35.65974,9.928328,Normal
6.075298,31.411968,Normal
34.933006,6.650443,Normal
5.002381,-35.12527,Normal
24.053196,-17.667551,Normal
27.557337,-15.225663,Normal
28.956738,1.9099287,Normal
-23.22213,-26.284494,Normal
-19.135344,14.874464,Normal
-5.6043167,19.171293,Normal
24.256737,-12.330361,Normal
15.946664,5.6737223,Normal
36.964344,-26.153027,Normal
-40.443356,-16.86094,Anomaly
-34.21145,-23.960247,Normal
29.504171,-14.9059925,Normal
26.95715,-13.5117855,Normal
-7.3156395,-10.148812,Normal
42.499596,9.27738,Normal
43.65218,5.328851,Normal
-15.057885,-16.310186,Normal
-7.456078,43.259983,Normal
-29.43465,15.8417425,Normal
-44.59943,5.5034103,Normal
-11.263382,19.357988,Normal
7.6795306,-27.781443,Normal
-24.855577,15.061716,Normal
-23.154953,-19.585543,Normal
13.198523,14.993501,Normal
0.6702927,15.385135,Normal
26.496119,33.20308,Normal
-35.11032,-5.0292525,Normal
-30.304123,24.947756,Normal
-1.6216,-6.108279,Normal
37.821938,-9.352816,Normal
36.33742,-26.038538,Normal
0.38468543,-9.553628,Normal
43.219555,-15.99781,Normal
-17.178768,30.60686,Normal
-15.995904,18.506693,Normal
-7.5355787,-16.062876,Normal
7.079052,2.7063053,Normal
-15.94281,37.809742,Normal
33.54597,24.858433,Normal
-46.500183,-7.792805,Normal
-31.559113,13.502628,Normal
46.392162,-1.5104254,Normal
16.910292,-12.950788,Normal
49.705597,12.472411,Normal
-45.908684,12.859408,Normal
-4.3549876,14.838951,Normal
28.212961,-32.589775,Normal
31.870678,-10.7791,Normal
-29.260698,-17.69392,Normal
-7.136287,-16.069857,Normal
35.488564,-25.290775,Normal
-30.254457,27.791475,Normal
-31.962013,-27.002068,Normal
-6.1318555,18.652645,Normal
11.663857,-6.249678,Normal
-40.799,-2.3947268,Normal
0.47122625,11.456268,Normal
0.75458056,23.500336,Normal
-33.112797,24.830095,Normal
47.31856,-1.7997768,Normal
2.6841235,-8.1321745,Normal
-47.553967,5.38035,Normal
-22.935017,1.1966765,Normal
-7.0125318,28.130453,Normal
17.072588,19.999222,Anomaly
12.65782,0.7225595,Normal
51.48103,9.604509,Normal
-1.438738,3.358615,Normal
5.706051,22.632956,Normal
36.86105,9.914023,Normal
-8.39467,14.278661,Normal
32.718872,-27.763266,Normal
22.887611,9.096427,Normal
1.94556,25.784119,Normal
-27.769142,-21.549217,Normal
31.54085,-32.076767,Normal
-19.052162,-0.96179104,Anomaly
-40.96872,-26.882557,Normal
-15.237235,-28.506735,Normal
-8.854654,-9.501528,Normal
-45.527588,3.4320886,Normal
30.438068,-3.754909,Normal
22.345852,-26.803997,Normal
-42.11567,-11.741768,Normal
-40.442524,8.540036,Normal
12.063954,0.5531978,Normal
4.169532,-0.0015602977,Normal
-4.253439,-33.216198,Normal
-23.11966,1.9384745,Normal
-45.706448,-0.29534003,Normal
22.723133,31.080503,Normal
-29.864855,-15.875187,Normal
2.5570357,20.190027,Normal
-47.12846,-6.375776,Normal
32.62337,-30.919088,Normal
17.356451,18.332752,Normal
6.378898,22.383383,Normal
-37.387077,17.343788,Normal
27.998907,-13.014102,Normal
2.274265,27.883987,Normal
-32.14648,-6.5608525,Normal
1.404195,-22.266682,Normal
-42.40777,5.71922,Normal
-30.491388,11.426947,Normal
42.548004,-17.126205,Normal
-27.759937,13.721606,Normal
47.01811,-4.394895,Normal
11.654072,-12.137884,Normal
-27.101913,28.134224,Normal
-8.935521,21.128166,Normal
-16.926256,-30.877157,Normal
0.99012405,-26.339388,Normal
-3.077678,-5.012218,Normal
-29.976383,7.7310696,Normal
15.365202,34.10299,Normal
-25.713718,11.515039,Normal
15.985684,35.316452,Normal
-24.849558,-12.908749,Normal
-10.909461,-9.698347,Normal
-26.766214,3.5888603,Normal
1.35461,29.739918,Normal
1.933569,11.487578,Normal
18.84115,25.484894,Normal
20.119642,-16.134586,Normal
7.6404862,29.040016,Normal
3.9828296,25.177025,Normal
46.103046,-12.41994,Normal
-4.2765408,17.834864,Normal
23.371302,15.712393,Normal
-6.9052024,16.90624,Normal
7.711155,-14.624256,Normal
25.260353,-28.162409,Normal
-23.472574,-21.893131,Normal
6.891006,-6.0813265,Normal
-26.40958,5.225605,Normal
41.21948,7.4293346,Normal
2.3857918,21.63717,Normal
-42.92315,-10.998102,Normal
1.0143784,8.940173,Normal
-2.4496295,38.491566,Normal
-7.539957,6.9960284,Normal
7.229808,-36.286903,Normal
-29.389053,-28.874449,Normal
28.763382,-26.568323,Normal
28.898521,27.373083,Normal
7.0456038,28.894497,Normal
-40.563152,3.6214488,Normal
-5.81091,31.302794,Normal
40.71916,12.249512,Normal
9.349562,-8.231043,Normal
0.139887,15.707482,Normal
30.727585,21.572668,Normal
39.69156,11.249775,Normal
40.182545,19.45797,Normal
23.672775,-26.66776,Normal
-4.766467,33.622837,Normal
33.938087,11.015541,Normal
33.911728,-17.930206,Normal
-30.710653,-14.839299,Normal
7.8661914,33.466705,Normal
32.419468,-29.794275,Normal
-4.8659425,8.0540905,Normal
-37.19704,-32.364826,Normal
-8.406457,7.6784816,Normal
-4.508884,19.522564,Normal
-0.89971536,20.747694,Normal
37.105156,-24.779715,Normal
9.580142,6.216914,Normal
-14.813155,-7.69268,Normal
-9.5364685,20.177547,Normal
-40.983837,-33.864666,Normal
25.164944,-6.0735054,Normal
-2.6400893,-4.5398054,Normal
24.937838,28.302265,Normal
7.810141,32.170918,Normal
0.6671515,-5.9014125,Normal
-30.043436,-8.966985,Normal
0.5584121,-12.040803,Normal
33.675888,0.06218276,Normal
22.124664,-28.434404,Normal
-35.6439,11.983152,Normal
-41.231243,-15.473348,Normal
37.50168,22.146599,Normal
-9.12541,6.2577815,Normal
37.10301,4.7445617,Normal
-27.363626,16.761614,Normal
15.130584,35.132618,Normal
-21.236038,27.704088,Normal
-38.329594,-29.221407,Normal
3.7100468,5.04493,Normal
46.246113,11.802754,Normal
-30.287468,-25.061338,Normal
-29.51072,-28.320002,Normal
-11.730518,-8.089124,Normal
12.779397,19.993145,Anomaly
-42.723965,-27.057287,Anomaly
24.35811,22.230032,Normal
-40.94707,-26.93433,Normal
-40.02841,-34.75774,Normal
32.616253,18.638542,Normal
36.052723,-1.6021944,Normal
-27.305998,16.981749,Normal
-36.114677,-9.186405,Normal
35.494816,22.54293,Normal
20.86892,30.699944,Normal
6.171398,6.4877777,Normal
-8.77712,-9.545045,Normal
9.645285,-6.9513893,Normal
3.2110102,-30.488161,Normal
-27.390295,26.368681,Normal
20.303726,5.6722956,Normal
12.9730425,-34.849373,Normal
-10.842947,-17.17287,Normal
30.432627,20.632837,Anomaly
-2.6866388,-10.2670355,Normal
30.314285,-4.9656825,Normal
-34.275795,-24.993534,Normal
-35.354214,7.0715775,Normal
-16.905668,-8.496606,Normal
-37.49552,7.2959285,Normal
5.1640716,18.54781,Normal
-26.619577,27.57698,Normal
21.841038,-25.010942,Normal
17.610188,7.1264515,Normal
7.1372285,19.446632,Normal
4.885834,-10.276648,Normal
-22.017958,-18.061111,Normal
13.587299,2.7914178,Normal
-8.12687,-9.0528555,Normal
-7.881393,46.075,Normal
42.37927,6.1842384,Normal
-44.586857,4.032246,Normal
-6.572101,32.897472,Normal
30.085327,12.311726,Anomaly
-41.850285,-10.828606,Normal
7.401394,-29.892193,Normal
-9.672947,33.99136,Normal
-1.8313794,44.556522,Normal
8.886513,15.309596,Normal
7.527936,30.032484,Normal
25.779858,-6.842454,Normal
1.6541908,-12.269983,Normal
-2.0162468,-12.790365,Normal
12.419784,23.160828,Normal
36.05954,12.451155,Normal
27.158619,-16.59706,Normal
38.942566,9.954671,Normal
11.464792,-36.963913,Normal
31.480858,0.79174614,Normal
-35.363182,-28.48461,Normal
51.1963,6.7331033,Normal
27.346952,19.815123,Normal
-4.050002,2.0158377,Normal
-20.930382,21.688374,Normal
10.391236,-29.932919,Normal
-3.0353472,-9.43807,Normal
33.059227,25.018625,Normal
10.047791,33.159462,Normal
12.5999,-25.541027,Normal
-31.969536,-29.390585,Normal
-48.375183,-5.9393544,Normal
37.11743,8.5232,Normal
-24.14252,1.2012264,Normal
-44.338703,1.296247,Normal
20.10741,-16.134174,Normal
-7.0744586,8.709851,Normal
20.29415,-24.577219,Normal
-5.6101365,31.351849,Normal
25.323423,28.686108,Normal
-28.762043,26.533014,Normal
-19.191236,34.88681,Normal
44.3475,0.6737721,Normal
-2.1455781,17.73379,Normal
-9.188599,19.523869,Normal
26.811356,-16.800442,Normal
-40.10481,-8.398692,Normal
-43.63129,0.6771218,Normal
-23.47079,24.439138,Normal
-30.867945,-24.479431,Normal
26.248306,20.639833,Normal
21.66777,-21.639275,Normal
-39.609562,1.7851462,Normal
-5.668606,46.049683,Normal
-24.808638,-4.1418495,Normal
-29.385044,2.4156573,Normal
26.357447,33.65466,Normal
6.056344,24.890194,Normal
9.281324,32.739223,Normal
-40.22425,-5.423366,Normal
-24.500805,-30.66858,Normal
-19.980639,5.8973465,Normal
3.7471023,22.81901,Normal
-15.86444,-27.703987,Normal
1.569832,-4.598677,Normal
47.529648,5.3533716,Normal
-20.354761,6.7388577,Normal
-1.5653046,-1.6702945,Normal
-13.063837,-11.317095,Normal
11.859259,6.507024,Normal
-27.288725,27.991352,Normal
50.41743,11.533133,Normal
-47.486904,-5.1181173,Normal
-27.305738,28.688887,Normal
-38.79231,-22.6085,Normal
-5.585716,-12.4944515,Normal
41.46524,2.4622278,Normal
-10.645219,-20.384193,Normal
-25.644085,-32.03075,Normal
-1.5103071,-7.381901,Normal
44.72896,-13.176077,Normal
-9.223059,44.264854,Normal
16.038631,-13.771656,Normal
0.5472178,8.358199,Normal
1.7692504,-27.214994,Normal
29.748808,13.008557,Normal
33.791973,-22.80799,Normal
-16.431082,37.051277,Normal
17.487755,-13.538163,Normal
36.322346,10.957652,Normal
50.113075,7.7458177,Anomaly
14.468344,17.324776,Normal
-18.889458,28.847744,Normal
-20.486914,9.639473,Normal
25.1989,-17.570967,Normal
-35.11395,14.980728,Normal
-7.7487335,43.96407,Normal
35.244564,-7.383865,Normal
-26.977217,-28.241829,Normal
15.804226,23.525246,Normal
25.753517,-28.991587,Normal
-5.43511,-6.6807466,Normal
46.051094,11.300431,Normal
6.267862,13.575734,Normal
-1.1742475,-12.172727,Normal
-31.359964,13.851228,Normal
3.4296303,23.421394,Normal
12.242596,-28.905678,Normal
-5.9795065,-10.762415,Normal
4.1838803,-37.24072,Normal
17.904072,21.85269,Normal
34.062016,-6.557318,Normal
29.253574,-1.082156,Normal
49.73504,4.7381835,Normal
-7.257177,-4.065429,Normal
-8.13818,-11.4774275,Normal
8.442942,11.784028,Normal
0.93934566,-33.584435,Normal
-1.1864431,17.067013,Normal
4.3417387,-22.477453,Normal
-36.105846,5.4235096,Normal
37.212227,1.2834203,Normal
-40.34383,-3.3477755,Normal
-30.996614,-27.975525,Normal
-22.13772,11.459805,Normal
-37.620346,5.8818626,Normal
46.134052,-10.255021,Normal
-31.048561,22.302465,Normal
44.43161,8.497624,Normal
37.626316,-25.216913,Normal
-18.262623,27.0431,Normal
44.08563,1.643578,Normal
23.660856,10.459557,Normal
35.30671,-8.302101,Normal
2.6091483,16.303677,Normal
18.428022,5.188075,Normal
45.682613,-10.28326,Normal
-20.37856,-35.55767,Normal
14.585782,3.068131,Normal
40.961723,11.483567,Normal
-3.5320764,48.035904,Normal
1.1120845,3.413281,Normal
-45.203255,12.146773,Normal
5.1910577,17.733215,Normal
24.931581,-12.135886,Normal
-20.868729,-2.8167136,Normal
51.047012,7.5132227,Normal
-35.9515,5.244375,Normal
15.796663,-30.734308,Normal
-22.541113,-19.834644,Normal
-7.356664,26.062895,Normal
-28.222807,7.464087,Normal
-31.501173,3.6652505,Normal
48.603165,-11.38114,Normal
-12.728875,15.595079,Normal
-18.006807,35.915485,Normal
24.578764,-18.897896,Normal
18.713732,6.4094563,Normal
40.99084,16.303982,Normal
-23.648083,22.968485,Normal
-35.13742,-6.118292,Normal
-23.368607,-19.238998,Normal
-2.517377,2.1215246,Normal
6.8549886,-37.386814,Normal
1.6392064,-36.985435,Normal
-9.574553,-7.455187,Normal
29.83324,-23.946852,Normal
7.08243,-11.400066,Normal
-19.043484,12.281789,Normal
-40.49183,-1.3934621,Normal
-24.23583,-26.665844,Normal
-41.978115,-33.716408,Normal
4.195566,-3.160113,Normal
7.5076838,12.140556,Normal
36.694702,12.304616,Normal
36.1181,-26.673315,Normal
7.825788,-20.71142,Normal
10.437216,7.0476446,Normal
-31.465248,24.670918,Normal
36.24541,-15.413175,Normal
28.297745,-0.32802445,Normal
40.367065,7.259465,Normal
21.512257,-22.287203,Normal
-27.499899,5.465704,Normal
-30.58271,16.037804,Normal
-37.145134,-10.416229,Normal
3.1476533,-33.895786,Normal
45.684982,-15.236005,Normal
-1.6896405,0.7402479,Normal
-41.20102,-25.538326,Normal
-33.02123,-18.210114,Normal
-12.86016,7.656091,Normal
21.662926,-27.8407,Normal
0.24460673,12.108049,Normal
18.087568,-13.291393,Normal
-12.755937,20.591942,Normal
-23.018545,-26.362911,Normal
-25.505402,-27.52862,Normal
33.09408,-22.451372,Normal
32.53954,-13.858468,Normal
26.632032,-20.337397,Normal
-8.400023,42.600067,Normal
31.148678,-26.132412,Normal
-42.649296,2.7682438,Normal
-28.401403,-15.919275,Normal
5.1244283,-1.9228365,Normal
-6.4411697,34.150845,Normal
-45.203255,12.146773,Normal
9.482953,-38.422504,Normal
0.22087723,-37.450474,Normal
-16.348057,-29.035095,Normal
44.42567,-6.998907,Normal
-19.43667,34.54243,Normal
-8.513917,14.729118,Anomaly
-5.5078,-12.526543,Normal
-1.2162994,-35.649124,Normal
32.608673,-33.3096,Normal
28.757853,-27.080576,Normal
-33.7265,-19.542843,Normal
47.64081,2.8673732,Normal
42.447636,18.005323,Normal
-40.351326,-25.880516,Normal
-9.639741,31.952293,Normal
47.531364,5.080604,Normal
5.320465,7.744246,Normal
-9.915385,13.818089,Normal
-10.285259,5.4427514,Normal
33.748882,19.916393,Normal
-8.0002365,13.91747,Normal
39.95456,4.0271926,Normal
-20.906614,0.58482695,Normal
46.260834,6.35677,Normal
27.501938,-13.672853,Normal
-26.798727,-4.659276,Normal
12.223921,11.252581,Normal
-5.386147,3.53457,Normal
-1.8271754,15.610453,Normal
-39.641228,2.985615,Normal
-22.962912,14.135376,Normal
6.4747815,13.237591,Normal
44.992813,-14.1138935,Normal
29.703156,12.450295,Normal
-27.497108,22.025846,Normal
-34.266693,-23.416746,Normal
-22.987923,5.858111,Normal
-42.262974,-16.633436,Normal
-22.465239,-14.680719,Normal
-42.812744,18.244438,Normal
13.207829,9.4500265,Normal
-10.088759,34.064564,Normal
48.55847,-13.980787,Normal
10.050533,8.058895,Normal
11.586727,-25.702703,Normal
9.028583,30.393143,Normal
-42.80033,-33.86944,Normal
11.302431,-15.056173,Normal
-25.673386,-12.641268,Normal
16.462465,-17.59716,Anomaly
6.660404,-39.52412,Normal
-7.557167,-7.0139165,Normal
-44.645332,10.215454,Normal
-28.16706,-7.378118,Anomaly
-7.9665046,46.749264,Normal
-19.15523,28.322449,Normal
-10.336164,23.353321,Normal
-19.255203,-17.900595,Normal
29.66796,-12.34692,Normal
24.785122,-14.1154375,Normal
20.86684,24.784834,Normal
0.10859431,16.00644,Normal
44.54628,-14.692138,Normal
44.468987,10.728292,Normal
18.316757,9.603332,Normal
24.18819,31.449213,Normal
-32.676464,-11.903527,Normal
-38.575985,-32.771812,Normal
7.3942723,25.582886,Normal
1.6999403,-24.306738,Normal
-34.39881,-25.016953,Normal
-6.0457945,8.364976,Normal
-41.25195,3.7020228,Normal
-28.509157,21.76137,Normal
-42.15427,19.262232,Normal
-39.957462,11.56361,Normal
17.0053,26.246841,Normal
26.622877,-6.814844,Normal
-25.965641,-16.172203,Normal
-15.856862,36.950806,Normal
8.630931,-22.164371,Normal
32.69963,-16.360817,Normal
-25.469753,-27.432543,Normal
-14.5365715,29.600216,Normal
48.162113,-12.77171,Normal
8.782013,-29.017582,Normal
-10.068411,-11.262358,Normal
-40.785263,-28.258663,Normal
-10.743367,33.07037,Normal
19.09938,-22.3922,Normal
-10.471257,22.987652,Normal
18.426022,6.2001433,Normal
-34.89569,-16.07199,Normal
-10.679659,-18.344936,Normal
-15.448597,31.349016,Normal
-9.455913,-31.159122,Normal
25.18352,20.741386,Anomaly
33.182003,-34.717617,Normal
10.909499,-33.463585,Normal
-35.45433,-31.567368,Normal
22.368902,-19.87281,Normal
21.507109,30.86805,Normal
7.754974,-7.3853436,Normal
-40.0793,-25.137072,Normal
9.126765,28.750137,Normal
20.432539,7.044195,Normal
9.07599,28.666727,Normal
46.22822,1.0070864,Normal
-3.7120655,27.042032,Normal
-12.856904,10.604925,Normal
-3.638484,48.516083,Normal
1.4245559,-13.056795,Normal
-0.5843362,-37.63077,Normal
-20.269438,13.735681,Normal
34.679115,-27.516424,Normal
-7.214081,30.75606,Normal
5.9974403,7.286619,Normal
15.957644,12.226556,Normal
-24.580786,24.17398,Normal
-40.699726,-20.11607,Normal
-25.283516,4.874311,Normal
-5.7334933,-6.307157,Normal
14.923926,19.569775,Normal
-15.497389,-31.221258,Normal
-34.329643,-33.99989,Normal
-40.569527,20.397558,Normal
-45.203255,12.146773,Normal
-30.577465,5.765611,Normal
22.427233,-26.527126,Normal
35.76011,23.448666,Normal
-28.180218,-27.253956,Normal
-38.720974,1.7209566,Normal
-7.7740135,43.80306,Normal
26.542356,11.143432,Normal
-22.001707,24.809748,Normal
-3.0673273,27.44466,Normal
13.185107,22.4919,Anomaly
-37.508022,-25.59545,Normal
-4.434038,-33.970142,Normal
5.187747,-22.605738,Normal
-0.767006,-30.209007,Normal
-40.73679,-29.405685,Normal
28.685934,28.90275,Normal
-2.4211125,39.222878,Normal
27.267784,-20.589005,Normal
-40.72463,-8.568601,Normal
-37.888668,4.402199,Normal
-47.556477,5.3855605,Normal
7.1218443,-21.137411,Normal
-40.19413,-31.608692,Normal
33.252968,-29.172216,Normal
7.7184944,22.943,Normal
22.188787,-15.025732,Normal
-38.923008,1.1164874,Normal
36.958336,4.6050706,Normal
5.8634143,2.9134896,Normal
-41.93889,-15.781757,Normal
39.826366,5.858459,Normal
-6.5447803,-17.469456,Normal
4.551364,29.369352,Normal
-19.992115,-9.964953,Normal
-30.093468,28.374924,Normal
44.890137,-8.6458435,Normal
27.472776,-2.5078545,Normal
23.640411,7.9956603,Normal
-5.4815946,15.116043,Normal
2.7236118,-8.739679,Normal
-32.280617,6.7628503,Normal
-25.128242,22.48548,Anomaly
47.901505,4.352989,Normal
-16.997375,36.753403,Normal
6.0839324,5.6244316,Normal
-20.472712,-3.043023,Normal
23.818327,14.738095,Normal
7.0998487,14.106421,Normal
15.23502,3.0065196,Normal
-17.374388,-32.01027,Normal
-2.4151304,17.125204,Normal
13.213943,-26.775164,Normal
21.236715,24.695528,Normal
0.7977704,-8.454255,Normal
-32.71569,-17.699675,Anomaly
-40.052414,6.0767074,Normal
-11.768228,6.441408,Normal
-36.52181,-3.366623,Normal
-16.751087,-29.261908,Normal
34.587063,-26.734243,Normal
-44.681843,11.096297,Normal
11.4981985,-15.0917635,Normal
17.540812,9.271018,Normal
-26.932158,-3.098477,Normal
42.090015,-13.659235,Normal
35.88225,19.490654,Normal
-42.165737,-18.697794,Anomaly
-43.38696,11.598423,Normal
25.2335,-7.2836137,Normal
-35.38596,-30.589184,Normal
4.0485725,-17.527313,Normal
-45.017014,16.661469,Normal
-20.172625,-1.8546714,Normal
-41.46522,20.282396,Normal
-34.83322,-13.178556,Normal
-7.4705224,46.235664,Normal
24.473671,4.555044,Normal
-41.745937,6.834874,Normal
-8.811374,31.334696,Normal
-32.010742,25.92976,Normal
-38.347507,2.4881985,Normal
49.07723,5.7915683,Normal
-43.526344,-34.842518,Anomaly
-6.0442796,-8.426033,Normal
11.976699,30.260756,Normal
4.797575,-32.073246,Normal
-29.6727,9.518989,Normal
-19.940378,11.741728,Normal
15.076282,36.835316,Normal
33.97691,-35.337025,Normal
-40.063545,-22.411274,Normal
7.766234,-13.609422,Normal
-10.10149,21.971668,Normal
26.514906,-31.702726,Normal
10.88472,-34.230724,Normal
-40.78967,-17.481073,Anomaly
-0.83386606,-19.548813,Normal
-29.930712,-12.830042,Normal
17.284985,22.905499,Normal
6.251849,-39.29774,Normal
5.3876085,-35.25626,Normal
3.4170876,-32.5976,Normal
-7.5964184,6.5488915,Normal
5.917182,-6.417754,Normal
16.88514,-0.17553124,Normal
46.811,4.096642,Normal
-41.290188,5.2999024,Normal
31.168087,-1.6147193,Normal
-7.1293488,45.35432,Normal
-38.215103,-29.900156,Normal
-23.867216,23.994534,Normal
-30.948654,16.570677,Normal
17.629402,-14.201583,Normal
-43.193462,4.6855764,Normal
-10.993155,-9.531923,Normal
0.020049453,19.172026,Normal
37.94044,23.140633,Normal
28.996529,-33.135746,Normal
36.10984,9.323054,Normal
-25.64999,-31.257217,Normal
24.686472,2.0563297,Normal
25.564325,-23.522038,Normal
-0.46742338,-30.724798,Normal
39.49119,8.602137,Normal
-43.474,2.3024008,Normal
1.1226951,-11.510804,Normal
28.340412,25.659435,Normal
-41.30152,-9.737571,Normal
7.7688394,2.3817852,Normal
-31.589272,20.774815,Normal
-2.1263797,28.859243,Normal
-16.927052,-30.573727,Normal
-26.51449,-3.9465032,Normal
1.6687745,-33.06231,Normal
7.3711452,-22.299503,Anomaly
25.765905,24.818,Normal
-18.898298,-10.959731,Normal
23.128134,10.755214,Normal
46.45158,-4.9334364,Normal
-3.019213,15.648502,Normal
-42.57952,10.799468,Normal
46.386055,-1.5861042,Normal
7.878391,-29.80193,Normal
10.268094,-4.979518,Normal
-3.6585188,47.769238,Normal
34.63684,-8.168572,Normal
-24.273205,13.045659,Normal
17.954916,3.4765441,Normal
10.074002,-21.214176,Normal
22.79396,-14.810326,Normal
-39.71981,3.8289905,Normal
-7.943483,20.851429,Normal
-6.562689,47.350002,Anomaly
-47.425346,-6.6358643,Normal
40.091587,19.201319,Normal
32.029953,-10.6598215,Normal
13.061518,-27.78224,Normal
44.34969,2.1132643,Anomaly
-26.376024,17.783728,Normal
-48.295746,-4.3315754,Normal
15.466382,31.447216,Normal
14.115275,19.959925,Normal
-38.55191,-33.226864,Normal
-10.106086,39.21046,Normal
14.644806,-11.814754,Normal
47.65303,-1.0367892,Normal
10.052697,-9.300648,Normal
41.588783,14.583706,Normal
35.974606,9.171562,Normal
29.945414,-14.681685,Normal
25.72945,20.531483,Normal
-17.78453,33.53387,Normal
-37.96666,-26.865547,Normal
0.6456663,1.7758296,Normal
4.661222,4.609913,Normal
26.226658,-14.347815,Normal
-30.874975,12.808441,Normal
30.67114,-21.5368,Normal
-6.2851048,15.160871,Normal
35.022316,6.9040003,Normal
30.86075,-25.28868,Normal
-24.600754,21.157993,Normal
12.944801,35.331947,Normal
-36.45577,-26.395317,Normal
1.6658771,-24.263288,Normal
-8.4943905,-14.606198,Normal
15.926364,3.0565841,Normal
32.62165,-33.944702,Normal
-33.300587,13.520881,Normal
35.415154,0.24197774,Normal
-36.623215,17.00749,Normal
-37.707027,-31.844282,Normal
-43.62277,-0.16081277,Normal
-10.820456,17.820347,Normal
32.478767,-25.649553,Normal
46.63179,1.6594466,Normal
-41.806427,-34.360058,Normal
-13.477446,6.4427032,Normal
15.724598,2.6422083,Normal
40.827953,19.980556,Anomaly
-14.267273,-17.775763,Normal
-35.38375,5.1027403,Normal
35.369347,-15.870989,Normal
24.528204,21.336224,Normal
20.895645,20.963272,Normal
32.00519,-17.883205,Normal
23.38636,8.245631,Normal
-10.228184,14.1542015,Normal
-34.07827,-15.040867,Normal
11.845317,15.41725,Normal
23.46922,-15.728964,Normal
-24.309198,15.312807,Normal
24.514343,29.02168,Normal
-28.066303,-8.305855,Normal
9.635254,14.679803,Normal
-14.994705,-18.10154,Normal
-13.46304,14.27727,Normal
6.578644,12.368543,Normal
-26.551762,18.423656,Normal
31.230972,3.6788077,Normal
29.956207,-17.657764,Normal
16.273329,-10.920179,Normal
50.212044,5.150479,Normal
-4.3844857,48.243557,Normal
-39.06605,8.247989,Normal
-2.233639,-30.590181,Anomaly
14.919757,-28.100748,Normal
-11.607026,29.467844,Normal
43.010773,4.579453,Normal
-15.820268,18.828358,Normal
-41.30109,-36.17752,Normal
-34.187443,-30.839712,Normal
21.912607,21.317701,Normal
-39.480247,-4.891874,Normal
-1.6915882,-20.226406,Normal
45.578415,6.2742033,Normal
12.548471,-24.124577,Normal
30.507975,-5.6352687,Normal
9.362429,-20.79207,Anomaly
6.707373,-16.802938,Normal
-12.599054,22.01679,Normal
-27.987904,-8.764665,Normal
-28.66217,-14.356839,Normal
-44.36248,-36.018593,Anomaly
10.236201,8.590023,Normal
-18.86647,31.0805,Normal
32.381805,0.15093188,Normal
-37.21645,6.3541727,Normal
15.538951,-0.48641226,Normal
2.6730783,27.73007,Normal
24.87897,-6.050697,Normal
42.10814,18.25991,Normal
-35.865818,-32.37502,Normal
-37.720325,-3.690487,Normal
33.982735,-27.758831,Normal
15.381385,21.560696,Normal
15.74321,20.784365,Normal
-6.4888253,-31.61519,Normal
29.231098,-22.593016,Normal
44.3634,-12.755921,Normal
48.836014,3.821197,Normal
-21.616209,6.178024,Normal
5.1753464,26.719446,Normal
24.441301,33.443516,Normal
19.413181,9.922822,Normal
-18.82475,-2.9923062,Normal
3.2752736,11.553239,Normal
-30.339933,24.224144,Normal
-25.641619,16.652689,Normal
-27.61785,26.167896,Normal
37.52862,22.40631,Normal
-32.743343,7.688347,Normal
-15.291032,31.504572,Normal
25.436085,11.666309,Normal
-43.1592,6.448837,Normal
-25.308218,10.291487,Normal
-19.434477,-29.099516,Normal
-35.145634,4.411858,Normal
-16.543781,30.278652,Normal
-2.8963714,26.871126,Normal
27.702932,-18.167143,Normal
11.874703,-33.15191,Normal
26.283113,-14.539203,Normal
6.687661,-36.491703,Normal
-18.776608,31.32281,Normal
-28.5004,20.19875,Normal
1.8469822,-13.3864765,Normal
25.051964,2.6564014,Normal
2.4401217,-19.181797,Normal
5.5061803,-37.312153,Normal
-7.3813705,-11.353531,Normal
-5.7371364,47.796806,Normal
10.756811,-21.498468,Normal
9.552958,27.879986,Normal
46.679497,1.3717172,Normal
-33.698193,12.823653,Normal
-30.98589,26.49293,Normal
-23.390131,-20.447176,Normal
30.426346,24.710913,Normal
41.111572,0.68807995,Normal
-41.526573,-10.439261,Normal
-19.961023,4.9140987,Normal
27.790829,-2.5609033,Normal
-32.620808,11.740615,Normal
10.313557,19.47703,Normal
-33.999065,-20.528337,Normal
-13.118264,15.263212,Normal
-13.671229,-18.692465,Normal
-21.25011,14.041201,Normal
45.460945,3.2618327,Normal
-11.134813,9.960268,Normal
-20.253912,10.658883,Normal
13.41388,-19.686985,Normal
-20.90379,-19.171036,Normal
8.618126,-27.83549,Normal
-28.16876,-18.50459,Normal
-28.336653,-5.0432673,Normal
-31.298908,-28.351488,Normal
28.326975,-25.877829,Normal
26.40387,14.21945,Normal
29.846996,-33.251812,Normal
-43.024193,-32.272053,Anomaly
-6.39226,-1.6361251,Normal
-33.06588,-18.822996,Normal
7.171716,-27.982555,Normal
-26.816982,-30.625946,Normal
3.6255407,-20.164652,Normal
6.303996,-13.772597,Normal
-13.567886,-15.362984,Normal
-0.15790574,-1.6556408,Normal
27.294258,-25.463842,Normal
-13.82274,-6.4516363,Normal
-24.508984,-25.150377,Normal
13.135409,2.4271321,Normal
0.2661149,-37.054886,Normal
-43.55375,15.9008465,Normal
-38.81362,21.413544,Normal
-24.235718,-26.666069,Normal
17.212748,-30.66223,Normal
11.713337,-26.970518,Normal
36.599007,19.744804,Normal
-13.084997,-18.82058,Normal
-0.0071605416,-29.032888,Normal
-14.903284,-7.9369683,Normal
1.6748853,-27.744884,Normal
24.005417,-5.4171124,Normal
-11.143904,40.091755,Normal
-12.250849,18.878073,Normal
-27.889078,-8.327114,Normal
50.182346,7.215776,Normal
38.353397,20.718367,Normal
-21.21146,25.785904,Normal
-14.557325,-13.467396,Normal
7.4094315,-8.195811,Normal
-12.664873,-19.153315,Normal
-35.06726,-12.088227,Normal
41.712433,5.606665,Normal
9.026262,26.269024,Normal
-34.110073,-12.718841,Normal
-32.00353,-11.26862,Normal
-37.306858,-27.243725,Normal
-25.676323,-13.194302,Normal
-3.5514119,0.37623924,Normal
29.895605,-4.8512187,Normal
-6.51801,44.892727,Normal
-30.799286,23.269753,Normal
-37.308052,-4.758588,Normal
10.573836,20.641396,Normal
-35.21061,-1.3608302,Normal
-41.600204,6.3964677,Normal
16.54169,-17.209833,Normal
46.764507,-4.4637475,Normal
6.365702,-2.027313,Normal
26.554604,-8.916296,Normal
1.3534356,10.429086,Normal
26.936872,-28.90944,Normal
-5.5096197,25.831886,Normal
-26.87846,-18.12986,Normal
-41.123188,4.598493,Normal
29.361084,28.980837,Normal
-37.436016,-29.751915,Normal
-38.061855,7.231364,Normal
21.383005,6.4999523,Normal
24.112162,33.193024,Normal
-41.627613,-32.978207,Normal
-45.794033,1.1440886,Normal
4.885833,-10.276604,Normal
-4.1672716,48.540318,Normal
-41.93889,-15.781757,Normal
-9.925329,17.152304,Normal
46.392162,-1.5104254,Normal
13.468843,17.205532,Normal
-8.91545,-3.06328,Normal
-10.382395,17.418745,Normal
36.246223,-25.168278,Normal
11.826741,6.934939,Anomaly
-34.839787,-20.667969,Normal
5.5981226,-21.520082,Normal
2.6217778,11.475144,Normal
33.882797,-26.18527,Normal
8.852261,7.093943,Normal
25.466429,-28.244467,Anomaly
16.284697,11.690833,Normal
30.783333,-16.563828,Normal
-6.1539593,46.095043,Normal
-47.053825,-4.86899,Normal
19.13209,10.119442,Normal
-27.790379,22.91208,Normal
26.852713,15.215777,Normal
5.214785,-36.187534,Normal
37.694862,11.546873,Normal
33.92381,-19.68356,Normal
9.630106,33.77908,Normal
11.889266,-32.933464,Normal
-9.210292,13.96747,Normal
4.4263244,24.140131,Normal
7.7051096,-15.2248745,Normal
0.33673838,10.041596,Normal
32.14891,-0.63725066,Normal
41.197613,-0.18744962,Normal
25.71733,24.070007,Normal
33.27945,-35.38066,Normal
-0.47125357,3.485718,Normal
-8.18364,-17.501068,Normal
17.668911,4.4464273,Normal
19.970884,4.00524,Normal
-3.6416018,19.80635,Anomaly
18.762226,26.177202,Normal
2.659891,15.57744,Normal
-8.835444,8.019909,Normal
25.94042,13.058388,Normal
14.030874,20.97161,Normal
39.8215,17.290997,Normal
30.7097,-21.153147,Normal
48.587025,8.905431,Normal
40.576042,-0.6721686,Normal
-20.739819,-14.448239,Normal
-9.825913,5.6156073,Normal
-28.567184,-19.616606,Normal
-30.78306,13.766219,Normal
12.385179,16.616297,Normal
13.810669,-19.360369,Normal
-29.819115,-27.910006,Normal
-10.4105015,33.46952,Normal
34.135174,-31.01518,Normal
-36.588512,-2.08891,Normal
-7.4353194,5.8652906,Normal
36.25866,1.8080786,Normal
33.805367,-2.9045656,Normal
-7.9448075,-29.226152,Anomaly
-37.409435,3.9260528,Normal
-10.233705,19.626078,Normal
9.432389,24.61913,Normal
35.561886,-3.5111203,Normal
25.962185,-8.0842705,Normal
6.7788777,-29.311789,Normal
-1.2246118,21.15806,Normal
-30.928064,5.506915,Normal
23.51289,34.14768,Normal
-15.153397,36.790848,Normal
4.9826384,0.60807234,Normal
-39.732903,-0.7924404,Normal
-8.611118,45.24307,Normal
27.254688,-5.081462,Normal
51.52918,9.713035,Normal
31.307226,21.030592,Normal
10.37063,29.61107,Normal
37.33622,-24.047094,Normal
-39.91388,-21.878513,Normal
-46.77813,-7.6571255,Normal
27.201956,-0.55404025,Normal
9.323586,8.118117,Normal
-9.810158,-15.526321,Normal
9.439011,-35.024952,Normal
42.859474,-14.65848,Normal
-43.03473,-8.407657,Normal
19.12192,4.4700894,Normal
7.667422,-31.04776,Normal
-18.671953,-9.251243,Normal
-30.038462,13.792907,Normal
-34.61949,-14.485713,Normal
34.375008,-24.535667,Normal
46.224808,11.324909,Normal
48.021584,9.696408,Normal
-17.365376,30.050917,Normal
-5.345413,-32.256977,Normal
-16.294525,34.06619,Normal
-10.822474,40.123756,Normal
28.863546,12.824248,Normal
-2.1768641,-15.950101,Normal
-45.755653,-7.8711147,Normal
-2.4031348,-0.878945,Normal
-28.07717,-28.968687,Anomaly
43.336754,-17.339577,Normal
-30.06461,2.3097365,Normal
-1.0191619,3.1611185,Normal
-36.97725,0.45860925,Normal
14.875916,12.297335,Normal
-10.325724,-20.23398,Normal
4.9491625,-2.1280234,Normal
-31.801516,3.631591,Normal
3.6003761,-22.232294,Normal
36.542805,-15.74997,Normal
-21.928411,21.836575,Normal
-39.576393,-11.28382,Normal
-22.672874,1.9253538,Normal
14.534181,33.646442,Normal
-41.155228,-34.61832,Normal
29.654696,-24.245445,Normal
0.791129,45.170517,Normal
6.0917187,21.557987,Normal
7.290686,33.234413,Normal
-47.5452,-5.249953,Normal
44.74346,-7.7466984,Normal
10.08935,-14.299568,Normal
-10.443614,31.549585,Normal
-2.8674178,-13.00172,Normal
-21.686735,-21.915783,Normal
-0.4223174,9.515522,Normal
30.540316,-28.47881,Normal
-2.6008663,-14.818357,Normal
-0.9596119,-7.266841,Normal
-10.075256,40.77905,Normal
-1.6637654,-16.661755,Normal
-35.24761,13.614422,Normal
2.36272,22.934717,Normal
-9.983889,-9.744747,Normal
-30.427576,-30.982576,Normal
-8.684796,21.47495,Normal
7.6429625,-36.67779,Normal
19.466286,30.210634,Normal
46.441578,6.763105,Normal
-34.853428,23.764286,Normal
-11.123679,22.450462,Normal
-24.868803,-12.781408,Normal
41.329395,14.73314,Normal
27.673595,25.508953,Normal
1.2421131,-28.894419,Normal
34.122044,-18.349072,Normal
-5.6357,9.791383,Normal
-24.464558,-12.379084,Normal
-8.590907,-7.7265606,Normal
35.09725,1.2195742,Normal
-21.582136,-2.984389,Normal
-11.776716,10.47182,Normal
8.332755,32.80131,Normal
-10.355655,-11.678514,Normal
-0.21954247,-33.887135,Normal
36.513966,-16.637903,Normal
45.877678,3.9866054,Anomaly
3.6190405,-18.42977,Normal
41.905567,-11.865791,Normal
-4.3297477,17.626104,Normal
-30.399899,10.557563,Normal
36.56309,12.482999,Normal
9.682314,-35.311394,Anomaly
-14.242098,21.538427,Normal
11.0671215,9.9648905,Normal
-41.624695,21.825146,Normal
26.549429,-18.714565,Anomaly
0.82665896,-7.7433696,Normal
-27.513676,13.160315,Normal
-44.62629,10.733676,Normal
-34.34409,2.3702564,Normal
-2.7511835,19.144285,Normal
-21.886967,16.096117,Normal
-0.5936376,-36.60305,Normal
-1.8313411,0.17318691,Normal
-32.778595,5.619107,Normal
-17.268806,-10.43512,Normal
44.990456,0.23237044,Normal
-25.209726,-21.785126,Normal
5.95126,6.112987,Normal
-9.049071,14.3383255,Normal
23.929861,3.947608,Normal
-40.4114,-29.742632,Normal
36.439034,-6.6780605,Normal
-40.189854,-7.6819115,Normal
-46.364254,-5.423219,Normal
-2.039429,-6.178916,Normal
10.170395,-6.31945,Normal
47.056156,0.62183875,Normal
22.366966,-20.605642,Normal
8.33269,18.586637,Normal
4.7357674,4.893158,Normal
41.923077,11.931923,Normal
22.595827,19.127354,Normal
-39.28589,-8.695443,Normal
-20.235157,15.991526,Normal
-27.131397,12.380366,Normal
-20.909132,-18.658754,Normal
-45.05467,6.687806,Anomaly
32.255127,-34.02439,Anomaly
49.132355,8.748548,Normal
1.608365,-19.883469,Normal
-19.1081,-1.0153053,Normal
-42.01062,-18.955112,Anomaly
35.550625,-4.3539004,Normal
36.709644,13.535427,Normal
7.166058,-6.7360606,Normal
-24.005934,29.169231,Normal
-44.49691,15.092866,Normal
-34.13942,-20.183458,Normal
-34.242756,-1.1644915,Normal
32.573883,22.234098,Normal
14.715777,-15.461146,Normal
4.7914944,-37.167538,Normal
23.375368,6.10315,Normal
-28.523977,19.914007,Normal
-33.803253,23.641954,Normal
-10.43786,-15.483274,Normal
22.598507,16.31861,Normal
-2.192099,45.4677,Normal
-24.91211,23.344606,Normal
-20.906443,-21.918896,Normal
-0.07250876,-39.76979,Normal
23.481876,-27.447035,Normal
-11.353094,32.189507,Normal
-41.334568,2.190525,Normal
26.553905,-31.037882,Normal
45.65506,9.173954,Normal
-2.4220378,38.86852,Normal
-23.119535,1.9385252,Normal
-47.736942,-8.758311,Normal
14.433289,-0.8062215,Normal
6.958191,-13.803306,Normal
23.143803,32.404385,Normal
14.49476,-1.194463,Normal
32.6388,-32.07165,Normal
-5.2712584,33.798374,Normal
12.480647,-25.662699,Normal
40.618862,1.4005537,Normal
3.471133,24.267483,Normal
36.510674,-13.222828,Normal
-39.469257,-26.33266,Normal
42.592022,-16.424574,Normal
-36.422913,-1.8312826,Normal
-6.0990877,-16.235674,Normal
-24.496597,-25.99571,Normal
-42.546955,9.537638,Normal
-6.035196,19.338379,Normal
22.033333,-28.984783,Normal
13.473196,33.95097,Normal
-16.260298,-8.172282,Normal
-4.261515,27.450876,Normal
13.805532,9.187844,Normal
-26.563318,22.669855,Normal
10.401254,29.553156,Normal
8.059542,-37.999756,Normal
-38.317028,-10.256073,Normal
-16.764877,-28.217148,Normal
-7.611186,24.310476,Normal
-11.753665,33.81576,Normal
-6.002866,26.071,Normal
35.296173,-1.0370764,Normal
13.050119,-29.66613,Normal
-4.426974,47.641838,Normal
2.9404533,15.293131,Normal
30.399567,29.016663,Normal
48.417496,10.24281,Normal
10.089346,-14.299555,Normal
-21.978945,-16.422327,Normal
37.265675,10.931694,Normal
39.97426,16.414976,Normal
-29.046696,-17.27976,Normal
27.517204,-12.460929,Normal
-15.869679,-6.77095,Normal
-15.547339,36.25432,Normal
-38.73455,-15.409014,Normal
-9.244156,-3.7928596,Normal
-23.319597,-21.761957,Normal
45.566406,-14.324544,Normal
14.663018,26.0719,Anomaly
43.438698,-15.383788,Normal
32.39144,-3.9566247,Normal
-34.24838,-23.583664,Normal
-41.31709,18.902237,Normal
-45.627373,12.206997,Normal
9.10614,-15.659228,Normal
24.90192,-24.794975,Normal
37.78618,12.912605,Normal
26.836237,-31.713196,Normal
42.524998,-6.8484993,Normal
-1.1619883,-34.381817,Normal
12.538311,33.904224,Normal
1.4405057,-40.00167,Normal
-38.49579,-16.710989,Normal
40.62515,8.49024,Normal
8.888296,-35.564896,Normal
-43.883965,-36.066822,Anomaly
2.5140586,-33.00602,Normal
-4.918005,-12.815109,Normal
-21.396996,25.098312,Normal
11.082321,7.4087462,Normal
-33.7357,8.467498,Normal
-20.827501,-22.425747,Normal
-33.353573,12.171002,Normal
50.522533,11.196512,Normal
-42.724148,-27.060507,Anomaly
-14.334583,-13.089688,Normal
21.51721,32.966953,Anomaly
14.503368,11.538778,Normal
47.24412,7.8776197,Normal
37.61019,21.039467,Normal
35.839066,13.648998,Normal
9.777542,-13.956497,Normal
-22.729416,-12.326287,Normal
26.210772,34.26552,Normal
-14.651953,-16.328594,Normal
45.788246,-15.640387,Normal
-3.543642,-1.3913907,Normal
-17.590137,4.517777,Normal
16.25692,-9.833595,Normal
-42.569614,-32.682373,Normal
2.6790245,-12.128032,Normal
-35.745647,-32.65346,Normal
23.634073,-11.733283,Normal
-35.137817,3.5085523,Normal
37.378902,-11.2292185,Normal
47.254326,6.0354395,Normal
-21.19441,31.32745,Normal
-18.545435,34.145832,Normal
6.181219,-13.700739,Normal
34.456253,0.83286107,Normal
43.916042,9.209,Normal
-3.0346408,-4.583195,Normal
-23.034096,28.449963,Normal
0.42807305,10.869018,Normal
-27.924955,20.023243,Normal
-18.329071,-14.641434,Normal
-6.122909,28.03412,Normal
-28.854284,14.49983,Normal
-11.36437,34.449593,Normal
-31.541012,-6.531078,Normal
-30.588587,-19.519938,Normal
15.671168,-0.55050147,Normal
-19.643354,28.788902,Normal
-8.469867,-1.7785071,Normal
27.314543,19.877357,Normal
-20.38901,-35.559593,Normal
-7.6100416,-32.155857,Normal
-36.287605,-8.893885,Normal
1.2215319,-20.627941,Normal
9.657249,20.950375,Normal
-1.9566671,44.297657,Normal
40.213898,16.05366,Normal
-0.7580264,22.023268,Normal
14.678346,35.854893,Normal
-39.368275,-33.840897,Normal
-34.812218,14.014476,Normal
-34.661594,6.054023,Normal
32.797787,19.762049,Normal
36.73701,-12.097714,Normal
-21.268251,31.13358,Normal
36.31433,-12.880309,Normal
37.137215,11.893406,Normal
6.9730163,23.387646,Normal
-30.263523,-26.518053,Normal
-12.769259,-0.037985694,Normal
39.04415,0.63354397,Normal
29.152752,-22.106655,Normal
-13.535463,15.518024,Normal
-41.00212,-1.6201327,Normal
-42.183292,-36.585064,Normal
6.4593616,-10.842968,Normal
-30.59521,1.9076352,Normal
8.475774,-5.954107,Normal
21.099236,21.069296,Normal
-31.236914,-27.60572,Normal
16.591324,-30.779749,Normal
10.377202,-13.006809,Normal
42.757954,-2.3561864,Normal
43.26906,10.983076,Normal
-16.81971,-27.327728,Normal
28.92113,-11.859164,Normal
36.26299,-8.872593,Normal
25.748547,13.644153,Normal
20.079369,30.397852,Normal
13.345703,36.567825,Normal
-37.01542,-3.9405951,Normal
